,isim,baslangicT,bitisTarih,sezonSayisi,sezonDurumu,tur,konuPuan,aktorS,OyuncuKadroPuan,imdb
0,Kaynanalar,1974,1976,3,,Comedy,15.5,"Tekin Akmansoy,Leman Çidamli,Sevda Aydan,Hasim Hekimoglu",,6.8
1,Çarkifelek,1975,2018,44,,Game-Show,12.0,"Emre Karayel,Elif Akçam,Çigdem Akçam,Aysegül Güven",,5.6
2,Sipsevdi,1977,1979,3,,Comedy,16.0,"Mehmet Ali Erbil,Sezer Güvenirgil,Korhan Abay,Handan Adali",,2.9
3,32.Gün,1985,2018,34,,News,15.0,"Mehmet Ali Birand,Umur Birand,Can Dündar",,8.2
4,Perihan Abla,1986,1988,3,,Comedy,15.666666666666666,"Seyyal Taner,Perran Kutman,Sevket Altug,Ercan Yazgan",,7.6
5,Duvardaki kan,1986,1988,3,,Drama,14.0,"Altan Akisik,Nevin Akkaya,Fahri Aktürk,Halit Akçatepe",,7.5
6,Olacak O Kadar,1986,2010,25,,Comedy,16.0,"Oya Basar,Levent Kirca,Cüneyt Arkin,Ali Demirel",,8.4
7,Varsayalim Ismail,1986,1987,2,,Comedy,16.0,"Suzan Akay,Demet Akbag,Caner Alkaya,Derya Baykal",,7.7
8,Gecenin Öteki Yüzü,1987,1989,3,,Drama,18.0,"Ece Alton,Haluk Bilginer,Müsfik Kenter,Haluk Kurtoglu",,7.5
9,Uzayli Zekiye,1987,1989,3,,Comedy,15.0,"Seden Kiziltunç,Münir Özkul,Dogu Erkan,Üstün Asutay",,6.6
10,Güler misin aglar misin,1988,1990,3,,Comedy,17.0,"Metin Akpinar,Zeki Alasya,Asuman Arsan,Arzu Atalay",,6.2
11,Bizimkiler,1989,2002,14,,Comedy,15.5,"Ercan Yazgan,Halit Akçatepe,Erdal Özyagcilar,Ayse Kökçü",,8.2
12,Susam sokagi,1989,1991,3,,Comedy,15.5,"Köksal Engür,Altan Erkekli,Güven Hokna,Alpay Izbirak",,7.2
13,Doktorlar,1989,1991,3,,Adventure,16.5,"Arif Akkaya,Cüneyt Arkin,Nevin Aypar,Ahmet Açan",,4.2
14,Ortabereket,1990,1991,2,,Drama,18.0,"Recep Acay,Hakan Akin,Bulent Aksoy,Dersu Yavuz Altun",,7.3
15,Ana,1991,1993,3,,Comedy,16.0,"Aysen Gruda,Aykut Oray,Selen Büke,Mehmet Beyazit",,7.2
16,Alim Dayi,1991,1995,5,,Comedy,16.0,"Metin Bilgin,Ilhan Ersoy,Esin Karakullukcu,Kemal Kuruçay",,7.9
17,Plastip Show,1991,1994,4,,Short,11.0,"Baris Manço,Aydogan Temel,Murat Disli,Ali Zeytinbas",,5.7
18,Laf lafi açiyor,1991,2007,17,,Comedy,15.0,"Cem Özer,Müjdat Gezen,Cenk Koray,Coskun Sabah",,6.2
19,Show Ana Haber,1991,1993,3,,News,15.0,"Jülide Ates,Pinar Erbas,Ece Üner",,6.4
20,Mahallenin Muhtarlari,1992,2002,11,,Comedy,15.5,"Umut Açabuga,Naz Onel,Atilla Sendil,Aleyna Uçar",,6.0
21,Saygilar bizden,1992,1994,3,,Comedy,16.0,"Kemal Sunal,Alev Oraloglu,Erol Demiröz,Hakan Haksun",,7.3
22,Zeki Metince,1992,1993,2,,Comedy,16.0,"Erdinç Akbas,Metin Akpinar,Zeki Alasya,Hayrettin Aslan",,7.0
23,Tatli Betüs,1993,1995,3,,Comedy,17.0,"Türkan Soray,Tarik Tarcan,Taner Barlas,Cem Davran",,6.7
24,Süper Baba,1993,1997,5,,Drama,16.333333333333332,"Sevket Altug,Sümer Tilmaç,Jülide Kural,Sevval Sam",,8.7
25,Hastane,1993,1997,5,,Comedy,16.0,"Zeki Alasya,Metin Akpinar,Betül Arim,Bilge Sen",,6.0
26,Saban Askerde,1993,1995,3,,Comedy,16.0,"Kemal Sunal,Dinçer Çekmez,Halit Akçatepe,Özlem Savas",,6.7
27,Tanri misafiri,1993,1995,3,,Drama,18.0,"Gamze Gözalan,Ebru Gündes,Serpil Tamur,Inanc Terzioglu",,5.2
28,Son söz sevginin,1993,1995,3,,Drama,17.0,"Açelya Akkoyun,Mesut Akusta,Haluk Bilginer,Yildiray Sahinler",,6.0
29,Gerçek Kesit,1993,1995,3,,Action,15.0,"Mine Biçakçi,Perihan Savas,Cahit Kasikcilar,Yüsra Geyik",,8.1
30,Yazlikçilar,1993,1998,6,,Comedy,16.0,"Hakan Haksun,Zuhal Topal,Binnur Serbetçioglu,Müjgan Agrali",,7.5
31,Sicagi Sicagina,1993,2009,17,,Reality-TV,12.0,"Haluk Bilginer,Erdal Ugurlu,Ismail Hakki Akture,Coskun Ozturk",,6.8
32,Ibo Show,1993,2011,19,,Music,10.0,"Asena,Gulcin Ergul,Olgun Simsek,Sivga",,6.9
33,Ferhunde Hanimlar, 1993,1999,7,,Drama,18.0,"Melek Baykal,Selahattin Bel,Egemen Erturk,Tamer Karadagli",,7.8
34,Kanal D Ana Haber,1993,1995,3,,News,15.0,"Fatih Altayli,Deniz Arman,Buket Aydin,Mehmet Ali Birand",,6.7
35,Sehnaz tango,1994,1997,4,,Romance,16.0,"Perran Kutman,Erdal Özyagcilar,Füsun Demirel,Nuray Uslu",,6.6
36,Sevginin gücü,1994,1996,3,,Romance,16.0,"Hülya Avsar,Tolga Savaci,Tarik Tarcan,Engin Koç",,4.7
37,Bay Kamber,1994,1996,3,,Comedy,16.0,"Kemal Sunal,Ebru Simsek,Serdar Bordonaci,Emrah Demirci",,7.1
38,Kaygisizlar,1994,1998,5,,Comedy,16.0,"Suzan Akay,Halit Akçatepe,Hakan Altuntas,Isik Aras",,8.2
39,Siyaset meydani,1994,1996,3,,Mystery,13.666666666666666,"Ali Kirca,Türker Inanoglu,Tarik Akan,Güneri Civaoglu",,4.5
40,Gülsen Abi,1994,1996,3,,Comedy,16.0,"Nilüfer Açikalin,Haluk Bilginer,Halit Ergenç,Selim Nasit",,7.2
41,Televole,1994,2005,12,,Sport,12.0,"Melih Gümüsbiçak,Acun Ilicali,Kaan Uguralp",,4.1
42,Bizim ev,1995,1997,3,,Drama,18.0,"Nilgün Akçaoglu,Cüneyt Arkin,Elçin Avci,Ümit Belen",,5.7
43,Bir Demet Tiyatro,1995,1997,3,,Comedy,15.5,"Demet Akbag,Yilmaz Erdogan,Suat Sungur,Engin Günaydin",,8.4
44,Çiçek taksi,1995,2003,9,,Comedy,17.0,"Erol Günaydin,Cengiz Küçükayvaz,Gül Gölge,Ümit Yesin",,6.1
45,Firtinalar,1995,1997,3,,Drama,18.0,"Kerem Alisik,Hilal Aslangiray,Nuray Deveci,Ebru Gündes",,5.3
46,Bosgezen ve kalfasi,1995,1997,3,,Comedy,15.0,"Ferhan Sensoy,Suna Pekuysal,Derya Baykal,Rasim Öztekin",,6.2
47,Reyting Hamdi,1995,2007,13,,Comedy,16.0,"Meriç Acemi,Hamdi Alkan,Pinar Altug,Ferdi Atuner",,5.5
48,Gözlerinde son gece,1996,1998,3,,Romance,16.0,"Türkan Soray,Rutkay Aziz,Kaan Girgin,Dilek Turker",,4.5
49,Tatli Kaçiklar,1996,2001,6,,Comedy,16.0,"Mehmet Ali Erbil,Yalçin Mentes,Buket Dereoglu,Neslihan Yeldan",,6.5
50,Sasifelek Çikmazi,1996,1998,3,,Drama,18.0,"Suzan Aksoy,Derya Alabora,Sinan Albayrak,Betül Arim",,8.0
51,Kaldirim cicegi,1996,1998,3,,Drama,18.0,"Kürsat Alniaçik,Duygu Ankara,Hande Ataizi,Nilüfer Aydan",,4.8
52,Çilgin Bedis,1996,1998,3,,Comedy,15.333333333333334,"Halit Akçatepe,Müge Arda,Mustafa Arslan,Sonay Aydin",,5.8
53,Beyaz Show,1996,1998,3,,Talk-Show,14.0,"Beyaz,Wilma Elles,Demet Akalin,Deniz Seki",,7.2
54,Huysuz ve tatli kadin,1996,2001,6,,Comedy,15.0,"Seyfi Dursunoglu,Yalçin Mentes,Burçin Orhon,Süheyl Uygur",,4.1
55,Sut Kardesler,1996,1998,3,,Comedy,16.0,"Kemal Kuruçay,Naz Onel,Ahmet Ugurlu",,7.6
56,Ramazan 96,1996,1998,3,,Musical,5.0,"Hülya Böceklioglu,Münir Canar,Muzaffer Guvenc,Nuri Gökasan",,7.1
57,Kamber Aga,1996,1998,3,,Comedy,16.0,"Metin Bilgin,Ergin Eren,Bersun Gorica,Hakan Guven",,7.5
58,Aynalar,1996,1997,2,,Documentary,8.0,"Can Dündar,Sezen Aksu,Orhan Gencebay,Zeki Müren",,6.9
59,Hülya Avsar show,1996,2014,19,,Talk-Show,14.0,Hülya Avsar,,5.2
60,Bu sevda bitmez,1996,1996,1,,Adventure,17.0,"Deniz Akkaya,Duygu Ankara,Betül Arim,Arzu Atalay",,3.7
61,Sir kapisi,1996,2007,12,,Drama,15.333333333333334,"Reha Yeprem,Erdogan Özeren,Gökhan Çelebi,M. Sitare Akbas",,3.8
62,Baba evi,1997,2001,5,,Drama,16.5,"Halil Ergün,Deniz Gökçer,Sevinç Erbulak,Mine Çayiroglu",,6.7
63,Kara melek,1997,1999,3,,Drama,18.0,"Turkan Derya,Sanem Çelik,Ece Uslu,Mustafa Alabora,Zerrin Arbas",,6.5
64,Böyle mi olacakti,1997,2003,7,,Drama,18.0,"Açelya Akkoyun,Kerem Alisik,Selda Alkor,Yasar Alptekin",,3.2
65,Firat,1997,1999,3,,Drama,18.0,"Funda Barin,Gülben Ergen,Atilla Pakdemir,Ibrahim Tatlises",,3.2
66,Ruhsar,1997,2001,5,,Comedy,15.333333333333334,"Hande Ataizi,Cem Davran,Göksel Kortay,Hakan Gerçek",,5.8
67,Deli divane,1997,1999,3,,Drama,18.0,"Gökhan Arsoy,Dogan Aybay,Kenan Bal,Ebru Gündes",,4.1
68,Gülüm,1997,1999,3,,Romance,16.0,"Sibel Can,Ebru Cündübeyoglu,Burak Sarimola,Volkan Severcan",,1.7
69,Sidika,1997,2002,6,,Comedy,16.0,"Ayla Algan,Füsun Demirel,Hasibe Eren,Ali Erkazan",,8.1
70,Aynali tahir,1998,2001,4,,Drama,18.0,"Alisan,Tugba Özay,Melda Arat Mutlu,Hakan Elyildirim",,3.3
71,Ikinci Bahar,1998,2001,4,,Comedy,16.333333333333332,"Türkan Soray,Sener Sen,Nedim Saban,Güven Hokna",,8.7
72,Marziye,1998,2000,3,,Drama,17.0,"Gülben Ergen,Kadir Inanir,Ekrem Bora,Nilüfer Aydan",,2.9
73,Deli Yürek,1998,2002,5,,Adventure,16.666666666666668,"Bahar Akça,Kürsat Alniaçik,Mürüvet Arik,Nejmi Aykar",,7.5
74,Sicak saatler,1998,2000,3,,Adventure,17.0,"Kürsat Alniaçik,Hilal Aslangiray,Mehmet Aslantug,Iclal Aydin",,7.6
75,Zaga,1998,2000,3,,Comedy,15.0,Okan Bayülgen,,7.6
76,Affet bizi hocam,1998,2000,3,,Drama,18.0,"Mesut Akusta,Bulut Aras,Turgut Arseven,Nilüfer Aydan",,6.2
77,Üvey baba,1998,2004,7,,Drama,18.0,"Burçin Abdullah,Betül Asçioglu,Ceyda Ates,Istemi Betil",,6.4
78,Unutabilsem,1998,1999,2,,Drama,18.0,"Tugrul Arsever,Suzan Avci,Sühan Bardar,Burcu Basaran",,3.9
79,Çocuktan Al Haberi,1998,2000,3,,Comedy,14.0,"Berna Laçin,Bergüzar Korel,Açelya Akkoyun,Evrim Akin",,4.4
80,Eyvah Babam,1998,2000,3,,Comedy,16.0,"Yildiz Asyali,Haluk Bilginer,Nesrin Isçi,Alp Korkmaz",,6.6
81,Bücür cadi,1999,2001,3,,Comedy,16.333333333333332,"Yunus Bülbül,Merve Erdogan,Sezer Güvenirgil,Müge Oruçkaptan",,2.8
82,Yilan Hikayesi,1999,2002,4,,Adventure,16.0,"Memet Ali Alabora,Meltem Cumbul,Ayten Gökçer,Damla Ersubasi",,6.4
83,Askin daglarda gezer,1999,2001,3,,Drama,18.0,"Özcan Deniz,Sevval Sam,Haldun Boysan,Ipek Tuzcuoglu",,3.8
84,Ayrilsak da beraberiz,1999,2004,6,,Comedy,15.5,"Meriç Acemi,Birgen Engin,Nami Esatgil,Idil Firat",,7.2
85,Bizim sokak,1999,2000,2,,Adventure,17.0,"Ciguli,Mete Yavasoglu,Peri Mehtap Çiçek,Murat Öncül",,6.2
86,Hayat baglari,2000,2002,3,,Drama,16.5,"Melek Baykal,Tomris Oguzalp,Kenan Pars,Zehra Alptürk",,5.6
87,Karakolda ayna var,2000,2002,3,,Comedy,16.0,"Müjde Ar,Erdal Özyagcilar,Avni Yalçin,Suavi Eren",,5.1
88,Üzgünüm Leyla,2000,2002,3,,Comedy,16.0,"Perran Kutman,Selçuk Yöntem,Çetin Tekindor,Yeliz Tozan",,7.3
89,Merdoglu,2000,2002,3,,Adventure,17.0,"Pitircik Akerman,Mehmet Aslantug,Haldun Boysan,Kerem Kobanbay",,4.6
90,Zehirli çiçek,2000,2002,3,,Drama,18.0,"Münir Akça,Kerem Alisik,Görkem Aribol,Günes Berberoglu",,3.0
91,Ana kuzusu,2000,2002,3,,Comedy,16.0,"Önder Açikalin,Aysen Barutçuoglu,Aysen Gruda,Perihan Savas",,6.4
92,Eyvah kizim büyüdü,2000,2002,3,,Comedy,16.0,"Sebnem Dönmez,Hakan Altuntas,Yildiz Asyali,Haluk Bilginer",,5.3
93,Baykuslarin saltanati,2000,2001,2,,Drama,18.0,"Metin Akpinar,Ilker Aksum,Kerem Alisik,Nilgün Belgün",,6.4
94,Evdeki yabanci,2000,2002,3,,Comedy,16.0,"Berna Laçin,Tardu Flordun,Oya Aydogan,Ayça Bingöl",,5.8
95,7 Numara,2000,2003,4,,Comedy,16.333333333333332,"Nuray Uslu,Volkan Adiyaman,Engin Hepileri,Erçin Sicakkan",,8.6
96,Saksidaki Agac,2000,2001,2,,Action,17.0,"Ali Seckiner Alici,Dersu Yavuz Altun,Ramazan Arman,Alpay K. Atalan",,7.5
97,Karate Can,2000,2002,3,,Adventure,16.5,"Kerim Afsar,Erol Alpsoykan,Özlem Argon,Cüneyt Arkin",,3.0
98,Kim 500 milyar ister?,2000,2002,3,,Game-Show,12.0,"Kenan Isik,Haluk Bilginer,Selçuk Yöntem,Murat Yildirim",,7.8
99,Çarli Is Basinda,2000,2000,1,,Comedy,16.0,"Ilker Aksum,Berrin Arisoy,Yalçin Avsar,Durul Bazan",,6.4
100,Yeditepe Istanbul,2001,2002,2,,Comedy,16.333333333333332,"Zuhal Olcay,Ugur Polat,Emre Kinay,Ruhi Sari",,8.3
101,Tatli Hayat,2001,2004,4,,Comedy,15.5,"Asli Altaylar,Ceyda Ates,Nami Esatgil,Demet Evgar",,8.4
102,Dadi,2001,2002,2,,Comedy,15.5,"Gülben Ergen,Kenan Isik,Haldun Dormen,Seray Sever",,6.3
103,Biri bizi gözetliyor,2001,2003,3,,Documentary,10.0,"Sefik Ates Meric,Öykü Serter",,3.3
104,Hirsiz,2001,2003,3,,Adventure,17.0,"Enis Arikan,Yavuz Arlisu,Mehmet Aslantug,Istemi Betil",,5.0
105,Nisan yagmuru,2001,2003,3,,Drama,17.0,"Evrim Akin,Betül Arim,Mustafa Arslan,Murat Daltaban",,5.7
106,Askim askim,2001,2003,3,,Comedy,16.0,"Ali Atay,Nur Bal,Durul Bazan,Sedef Bildik",,4.4
107,Derman Bey,2001,2003,3,,Drama,18.0,"Kadir Inanir,Yasemin Kosal,Aylin Arasil,Basak Sayan",,4.2
108,Dünya varmis,2001,2003,3,,Comedy,16.0,"Selin Türkoglu,Cevdet Aricilar,Serhan Arslan,Ozan Güven",,7.5
109,Çifte bela,2001,2003,3,,Comedy,16.0,"Mümtaz Sevinç,Gül Onat,Ayse Tolga,Nadide Sultan",,4.0
110,Yeni hayat,2001,2003,3,,Drama,18.0,"Fikret Hakan,Nebahat Çehre,Hakan Ural,Nefise Karatay",,5.0
111,Cinlerle Periler,2001,2003,3,,Action,16.0,"Suzan Acun,Volkan Adiyaman,Murat Ahlatçi,Kaya Akarsu",,3.6
112,Tutku cemberi,2001,2002,2,,Drama,18.0,"Tayfun Eraslan,Nurhayat Kavrak,Çetin Tekindor,Levent Ülgen",,5.2
113,Yeraltinda Dunya Var,2001,2003,3,,Adventure,15.666666666666666,"Mustafa Ugurlu,Yesim Büber,Nihat Ileri,Nihan Durukan",,5.8
114,Bes Dakikalik Bir Mesele, 2001,2003,3,,Drama,18.0,"Metin Bilgin,Armoni Dikim,Koray Ergun,Can George Fenn",,7.7
115,Bes Dakikalik Bir Mesele, 2001,2003,3,,Drama,18.0,"Metin Bilgin,Armoni Dikim,Koray Ergun,Can George Fenn",,7.6
116,Korsan TV,2001,2003,3,,Comedy,16.0,Ata Demirer,,7.1
117,Sultan,2001,2001,1,,Drama,18.0,"Esra Arslan,Melih Atalay,Mürsit Bag,Taner Barlas",,3.4
118,Vay Anam Vay,2001,2002,2,,Comedy,16.0,"Tülin Ayhan,Alev Cinbarci,Cem Davran,Fatih Dogan",,6.5
119,Koçum benim,2002,2004,3,,Comedy,14.0,"Tarik Akan,Baris Aksavas,Ferit Aktug,Bahar Akça",,6.7
120,Karaoglan,2002,2004,3,,Adventure,17.0,"Kaan Urgancioglu,Serdar Gökhan,Tuba Ünsal,Mehmet Akif Asmaz",,6.1
121,Asmali konak,2002,2004,3,,Drama,18.0,"Özcan Deniz,Nurgül Yesilçay,Hakan Boyav,Hakan Vanli",,5.9
122,Ask ve gurur,2002,2004,3,,Romance,16.0,"Yildiz Kenter,Can Gürzap,Basak Köklükaya,Burak Sergen",,6.6
123,Çocuklar duymasin,2002,2004,3,,Comedy,15.5,"Pinar Altug,Furkan Kizilay,Tamer Karadagli,Aysecan Tatari",,4.9
124,Ekmek teknesi,2002,2004,3,,Comedy,17.0,"Zafer Ergin,Gökhan Çelebi,Selin Dilmen,Açelya Akkoyun",,8.0
125,Zerda,2002,2004,3,,Romance,16.0,"Ece Uslu,Yavuz Bingöl,Derya Artemel,Ipek Atagün",,4.6
126,Bayanlar baylar,2002,2004,3,,Comedy,16.0,"Mansur Ark,Hande Ataizi,Yavuz Bingöl,Belma Canciger",,3.6
127,Biz size asik olduk,2002,2004,3,,Comedy,16.0,"Erdem Akakçe,Ilker Aksum,Sevinç Gürsen Akyildiz,Ayla Algan",,7.4
128,Kinali kar,2002,2004,3,,Drama,18.0,"Emrah,Özlem Conker,Mustafa Avkiran,Nurseli Idiz",,4.1
129,Asli ile Kerem,2002,2004,3,,Comedy,16.0,"Sebnem Dönmez,Ozan Güven,Demet Evgar,Ilker Ayrik",,6.7
130,Ti Show,2002,2004,3,,Comedy,16.0,"Haluk Bilginer,Emrah Elçiboga,Burcak Isiner,Salih Kalyon",,6.0
131,Besik kertmesi,2002,2004,3,,Comedy,16.0,"Ilker Aksum,Meltem Cumbul,Engin Hepileri,Bülent Polat",,5.6
132,Bizim evin halleri,2002,2004,3,,Comedy,15.5,"Feray Darici,Mert Firat,Zafer Gokcek,Serhat Mustafa Kiliç",,5.8
133,En son babalar duyar,2002,2004,3,,Comedy,15.5,"Hatice Aslan,Aysegül Atik,Jale Azakli,Arzu Balkan",,6.1
134,Ev hali,2002,2004,3,,Comedy,16.0,"Korhan Abay,Peker Açikalin,Esin Eden,Seray Sever",,2.9
135,Iki arada,2002,2004,3,,Comedy,16.0,"Açelya Akkoyun,Hakan Altuntas,Doga Bekleriz,Gizem Güven",,4.6
136,Çekirdek aile,2002,2004,3,,Comedy,16.0,"Ayda Aksel,Bahar Akça,Mazhar Alanson,Kartal Balaban",,6.1
137,Kirik ayna,2002,2004,3,,Drama,18.0,"Kadir Inanir,Yesim Büber,Burak Hakki,Nesrin Akdag",,6.2
138,Kumsaldaki izler,2002,2004,3,,Drama,18.0,"Erdinç Akbas,Ebru Akel,Nazan Ayas,Erol Aydin",,4.4
139,Kuzenlerim,2002,2004,3,,Comedy,15.5,"Sevinç Gürsen Akyildiz,Irem Arslan Aydin,Ceren Benderlioglu,Ihsan Bilsev",,6.4
140,Lahmacun ve pizza,2002,2004,3,,Comedy,16.0,"Durul Bazan,Necati Bilgiç,Mesut Ceylan,Bedia Ener",,4.5
141,Pembe patikler,2002,2004,3,,Comedy,16.0,"Oya Aydogan,Avni Danyal,Hüseyin Avni Danyal,Süreyya Davulcuoglu",,5.4
142,Seni Yasatacagim,2002,2004,3,,Drama,18.0,"Yetkin Dikinciler,Berna Laçin,Can Gürzap,Onur Rüzgar Erkoçlar",,5.5
143,Hastayim doktor,2002,2004,3,,Comedy,16.0,"Ceyda Düvenci,Mehmet Ali Erbil,Dursun Ali Sarioglu,Seda Sayan",,2.3
144,Yeter anne,2002,2004,3,,Comedy,16.0,"Derya Baykal,Celal Belgil,Asu Emre,Ruhsar Gültekin",,7.5
145,Yarim elma,2002,2004,3,,Comedy,15.5,"Bahar Akça,Mehmet Aslan,Selim Erdogan,Selma Ergeç",,5.7
146,Besibiryerde,2002,2004,3,,Comedy,16.0,"Demir Demirkan,Berke Üzrek,Özgü Namal,Demet Söz",,3.9
147,Grafi2000 Comedy,2002,2004,3,,Comedy,16.0,Varol Yasaroglu,,7.4
148,Derya&Deniz,2002,2004,3,,Drama,18.0,"Özlem Conker,Sencan Güleryüz,Tarik Pabuccuoglu,Iskender Bagcilar",,6.3
149,O gün,2002,2003,2,,Documentary,10.0,"Can Dündar,Hikmet Bil,Oktay Engin,Ara Güler",,7.5
150,G.a.g.,2002,2004,3,,Comedy,16.0,Gülse Birsel,,7.7
151,Sultan Makami,2003,2005,3,,Drama,18.0,"Basak Köklükaya,Sevket Çoruh,Kerem Atabeyoglu,Özge Borak",,7.5
152,Esir sehrin insanlari,2003,2005,3,,Drama,18.0,"Emre Kinay,Basak Köklükaya,Fikret Kuskan,Zeynep Tokus",,7.5
153,Ask olsun,2003,2004,2,,Romance,16.0,"Suzan Aksoy,Ilker Aksum,Talat Bulut,Rojda Demirer",,4.8
154,Bir Istanbul masali,2003,2005,3,,Drama,18.0,"Ahu Türkpençe,Mehmet Aslantug,Arsen Gürzap,Çetin Tekindor",,6.5
155,Kursun yarasi,2003,2005,3,,Adventure,17.0,"Berdan Mardini,Murat Çobangil,Serif Bozkurt,Timur Acar",,6.3
156,Kurtlar Vadisi,2003,2005,3,,Action,16.333333333333332,"Necati Sasmaz,Özgü Namal,Erdem Ergüney,Gürkan Uygun",,7.2
157,Alacakaranlik,2003,2005,3,,Thriller,16.5,"Kenan Imirzalioglu,Ugur Yücel,Özkan Ugur,Volkan Adiyaman",,7.3
158,Gurbet kadini,2003,2005,3,,Drama,18.0,"Meltem Cumbul,Burak Hakki,Fatma Girik,Mahmut Cevher",,4.7
159,Hayat bilgisi,2003,2005,3,,Comedy,15.5,"Gökçe Bahadir,Perran Kutman,Tarik Pabuccuoglu,Onur Özcan",,6.2
160,Kampüsistan,2003,2005,3,,Comedy,16.0,"Ferit Aktug,Burak Altay,Yusuf Atala,Elif Ataman",,6.0
161,Serseri asiklar,2003,2005,3,,Drama,18.0,"Müjde Ar,Eren Balkan,Didem Balçin,Fatma Belgen",,5.7
162,Serseri,2003,2005,3,,Comedy,16.0,"Çetin Akçan,Osman Albayrak,Yasar Alptekin,Cüneyt Arkin",,6.0
163,Sihirli Annem,2003,2012,10,,Comedy,15.0,"Michele Cedolin,Gizem Güven,Sahap Sayilgan,Nevra Serezli",,3.3
164,Lise Defteri,2003,2004,2,,Drama,17.0,"Mehmetcan Mincinozlu,Emre Altug,Akasya Asiltürkmen,Yagmur Atacan",,5.5
165,Akademi Türkiye,2003,2005,3,,Music,6.0,"Deniz Adali,Zeynel Abidin Aggül,Baris Akarsu,Pelin Akat",,6.0
166,Büyümüs de küçülmüs,2003,2005,3,,Comedy,16.0,"Sevinç Aktansel,Kerem Altaylar,Ömür Arpaci,Nilgün Belgün",,2.2
167,Estagfurullah yokusu,2003,2005,3,,Romance,16.0,"Ümit Acar,Hande Ataizi,Nazan Ayas,Nehir Erdogan",,6.1
168,Patron kim,2003,2005,3,,Comedy,16.0,"Mürüvet Arik,Dean Baykan,Cem Davran,Ayten Gökçer",,5.8
169,Sih Senem,2003,2005,3,,Drama,18.0,"Cem Özer,Bulut Aras,Ihsan Baysal,Emre Bozdogan",,6.5
170,En iyi arkadasim,2003,2007,5,,Comedy,15.0,"Neslihan Acar,Ilayda Akdogan,Cem Aktas,Icmal Aktuna",,6.5
171,Avrupa Yakasi,2004,2009,6,,Comedy,16.0,"Gülse Birsel,Levent Üzümcü,Hale Caneroglu,Senay Gürler",,8.4
172,Camdan pabuçlar,2004,2006,3,,Comedy,16.0,"Tardu Flordun,Berke Hürcan,Didem Inselel,Serdar Kinaci",,6.9
173,Müjgan Bey,2004,2006,3,,Comedy,16.0,"Sevval Sam,Ahmet Kaynak,Ali Ipin,Ruhsar Öcal",,5.1
174,Omuz omuza,2004,2006,3,,Comedy,16.0,"Bekir Aksoy,Sinan Albayrak,Pinar Altug,Ilker Ayrik",,4.8
175,Aliye,2004,2006,3,,Drama,16.333333333333332,"Sanem Çelik,Halit Ergenç,Ilhan Sesen,Ülkü Duru",,5.4
176,Bir dilim ask,2004,2006,3,,Romance,16.0,"Esra Akkaya,Ezgi Asaroglu,Mehmet Aslan,Yagmur Atacan",,7.0
177,Bütün çocuklarim,2004,2006,3,,Drama,18.0,"Gökçe Akyildiz,Alpay K. Atalan,Ceren Benderlioglu,Damla Cercisoglu",,5.2
178,Cennet mahallesi,2004,2007,4,,Comedy,15.5,"Melek Baykal,Alisan,Çagla Sikel,Ümit Yesin",,4.0
179,Gece yürüyüsü,2004,2006,3,,Drama,18.0,"Tarik Akan,Hale Akinli,Civan Canova,Laçin Ceylan",,6.8
180,Haziran gecesi,2004,2006,3,,Romance,16.0,"Burcu Kara,Mine Biçakçi,Yagmur Ün,Tolga Öztürk",,4.9
181,Melekler adasi,2004,2006,3,,Drama,18.0,"Hande Ataizi,Nurgül Yesilçay,Devrim Nas,Zehra Alptürk",,3.4
182,Zümrüt,2004,2006,3,,Drama,18.0,"Hülya Avsar,Ragip Savas,Müsfik Kenter,Semsi Inkaya",,4.8
183,Çemberimde gül oya,2004,2006,3,,Drama,14.0,"Serkan Genç,Turhan Kaya,Selda Alkor,Özge Özberk",,8.3
184,Sayin bakanim,2004,2005,2,,Comedy,16.0,"Erdal Cindoruk,Yasemen Heper,Dara Tan,Haluk Bilginer",,6.7
185,Evli ve çocuklu,2004,2006,3,,Comedy,16.0,"Ege Aydan,Tugra Kaftancioglu,Yildiz Kaplan,Murat Serezli",,4.0
186,Sevinçli haller,2004,2006,3,,Comedy,16.0,"Demet Akbag,Kerem Atabeyoglu,Lale Basar,Damla Basbar",,6.7
187,Tam pansiyon,2004,2006,3,,Comedy,16.0,"Nergis Kumbasar,Sezai Altekin,Hüseyin Avni Danyal,Alper Düzen",,6.8
188,Uy basuma gelenler,2004,2006,3,,Comedy,16.0,"Basak Köklükaya,Hakan Yilmaz,Hakan Altuntas,Nefise Karatay",,7.4
189,Yadigar,2004,2006,3,,Drama,18.0,"Aytaç Agirlar,Aydemir Akbas,Ayla Algan,Tugrul Arsever",,6.8
190,Aga kizi,2004,2006,3,,Comedy,16.0,"Levent Kirca,Rojda Demirer,Necmettin Aktay,Eser Bayar",,2.9
191,Subat Sogugu,2004,2006,3,,Drama,18.0,"Hakverdi Biber,Kenan Bal,Ali Berge,Aziz Izzet Biçici",,7.0
192,3. tür,2004,2006,3,,Comedy,15.0,"Bilal Yilmaz,Nilgün Belgün,Hakan Bilgin,Yagmur Kasifoglu",,3.6
193,Büyük yalan,2004,2006,3,,Drama,18.0,"Aytaç Agirlar,Sevinç Aktansel,Mehtap Bayri,Tülay Bekret",,5.0
194,Yabanci damat,2004,2007,4,,Comedy,16.666666666666668,"Binnur Kaya,Arif Erkin Güzelbeyoglu,Ilker Aksum,Zeki Alasya",,6.6
195,Kadin isterse,2004,2006,3,,Comedy,16.0,"Hülya Avsar,Cihan Ünal,Zerrin Sümer,Derya Baykal",,3.4
196,Çocugun var derdin var,2004,2005,2,,Comedy,15.5,"Seçil Buket Akinci,Tuna Arman,Ömür Arpaci,Sevval Baspinar",,6.1
197,Pembe ve Mavi,2004,2006,3,,Animation,5.0,"Buket Yanmaz,Ali Riza Kubilay,Seda Fettahoglu,Berk Tokay",,4.1
198,Derin Kökler,2004,2006,3,,Documentary,10.0,Erhan Abir,,7.4
199,Mavi Rüya,2004,2006,3,,Action,16.333333333333332,"Melda Bekcan,Ali Basar,Esin Civangil,Ugur Kivilcim",,7.3
200,Kalp gözü,2004,2007,4,,Drama,16.0,"Süleyman Çobanoglu,Sait Genay,Selçun Sonat,Özden Özgürdal",,5.0
201,Büyük bulusma,2004,2008,5,,Drama,18.0,"Burçin Abdullah,Ümit Acar,Volkan Adiyaman,M. Sitare Akbas",,2.7
202,Köpek,2005,2007,3,,Adventure,17.0,"Onur Bay,Hülya Kalebayir Çelik,Melahat Abbasova,Aydemir Akbas",,4.5
203,Gümüs,2005,2007,3,,Drama,16.333333333333332,"Kivanç Tatlitug,Songül Öden,Güngör Bayrak,Ekrem Bora",,5.8
204,Sensiz olmuyor,2005,2007,3,,Comedy,16.0,"Emre Altug,Yeliz Sar,Özlem Akinözü,Aslan Altin",,6.6
205,Saklambaç,2005,2007,3,,Comedy,16.0,"Akasya Asiltürkmen,Talat Bulut,Sibel Can,Bülent Kayabas",,4.6
206,Anne babamla evlensene,2005,2007,3,,Comedy,16.0,"Zeki Alasya,Hande Ataizi,Okhan Behar,Alper Düzen",,3.7
207,Yanik koza,2005,2007,3,,Drama,18.0,"Yavuz Bingöl,Basak Köklükaya,Billur Al,Mustafa Alabora",,4.8
208,Davetsiz misafir,2005,2007,3,,Comedy,16.0,"Neslihan Acar,Pinar Altug,Tardu Flordun,Hakan Gerçek",,5.2
209,Dolunay,2005,2007,3,,Drama,18.0,"Cansu Ak,Yesim Büber,Köksal Engür,Seda Fettahoglu",,7.0
210,Asla unutma,2005,2007,3,,Drama,18.0,"Mert Kiliç,Yeliz Akkaya,Göksel Arsoy,Haldun Boysan",,4.8
211,Isin show,2005,2007,3,,Talk-Show,14.0,"Isin Karaca,Baris Akarsu,Asena,Zeynep Cassalini",,3.2
212,Belali Baldiz,2005,2006,2,,Comedy,16.333333333333332,"Nurgül Yesilçay,Berna Laçin,Kenan Isik,Cemre Özer",,4.9
213,Yumurcaklar kampi,2005,2007,3,,Comedy,16.0,"Kerem Altaylar,Ergün Demir,Alara Ertürk,Beliz Gundogdu",,3.5
214,Beyaz Gelincik,2005,2007,3,,Drama,18.0,"Erkan Petekkaya,Sezin Akbasogullari,Ismail Hacioglu,Tülin Özen",,5.1
215,Yine de asigim,2005,2007,3,,Comedy,16.0,"Haluk Bilginer,Sevval Sam,Dolunay Soysert,Hakan Akin",,6.5
216,Hirsiz polis,2005,2007,3,,Adventure,17.5,"Ugur Yücel,Timuçin Esen,Özlem Düvencioglu,Orhan Aydin",,6.5
217,Ihlamurlar altinda,2005,2007,3,,Romance,16.0,"Nur Sürer,Sinan Tuzcu,Tuba Büyüküstün,Sirin Öten",,6.7
218,Çapkin,2005,2007,3,,Comedy,16.0,"Okan Yalabik,Özlem Conker,Melis Birkan,Cem Kiliç",,5.9
219,Emret komutanim,2005,2007,3,,Comedy,16.0,"Haki Biçici,Ragip Gülen,Damla Sönmez,Teoman",,3.5
220,Söhret,2005,2007,3,,Romance,16.0,"Umut Tabak,Oya Okar,Gokhan Seyhan,Ahu Türkpençe",,4.2
221,Aci Hayat,2005,2007,3,,Action,16.666666666666668,"Kenan Imirzalioglu,Selin Demiratar,Gökcan Gökmen,Umut Oguz",,6.2
222,Dikkat Sahan çikabilir,2005,2006,2,,Comedy,16.0,"Bilal Yilmaz,Cemil Büyükdögerli,Volkan Cal,Sahan Gökbakar",,6.8
223,Alanya almanya,2005,2006,2,,Drama,18.0,"Itir Esen,Ruhi Sari",,5.1
224,Erkek Tarafi,2005,2007,3,,Comedy,16.0,"Burak Sergen,Asuman Dabak,Murat Onuk,Ali Düsenkalkar",,3.1
225,Kezban Yenge,2005,2007,3,,Comedy,16.0,"Isik Aras,Gökhan Aydinli,Furkan Engin,Kazim Eryüksel",,5.7
226,Çat kapi,2005,2007,3,,Comedy,15.5,"Metin Akpinar,Ayten Gökçer,Sevinç Erbulak,Alp Kirsan",,5.0
227,Fikralarla Türkiye,2005,2008,4,,Comedy,16.0,"Çetin Altay,Özkan Ayalp,Ömer Naci Boz,Alay Cihan",,2.4
228,Pisti,2006,2008,3,,Talk-Show,14.0,"Reha Muhtar,Demet Akbag,Hülya Avsar,Beyaz",,2.5
229,Hayat türküsü,2006,2008,3,,Drama,18.0,"Devin Özgür Çinar,Melih Görgün,Tolga Evren,Ugur Çavusoglu",,7.2
230,Kirik Kanatlar,2006,2008,3,,Drama,14.0,"Ümit Acar,Tugba Akar,Ozan Akbaba,Yusuf Akgün",,7.5
231,Kizlar yurdu,2006,2008,3,,Comedy,16.333333333333332,"Melike Güner,Engin Altan Düzyatan,Pelinsu Pir,Füsun Demirel",,4.9
232,Cemile, 2006,2008,3,,Drama,18.0,"Türkan Soray,Bulut Aras,Gözde Kansu,Selim Erdogan",,6.7
233,Kaybolan yillar,2006,2008,3,,Action,16.333333333333332,"Yesim Büber,Saruhan Hünel,Umut Tabak,Deniz Barut",,7.2
234,Felek ne demek,2006,2008,3,,Comedy,16.0,"Akasya Asiltürkmen,Berk Balci,Esin Civangil,Seyda Delibasi",,5.1
235,Acemi cadi,2006,2007,2,,Comedy,15.0,"Cagkan Culha,Dicle Alkan,Levent Sülün,Billur Yazgan",,3.4
236,Anadolu kaplani,2006,2008,3,,Comedy,16.0,"Çetin Tekindor,Aysenur Yazicioglu,Beste Bereket,Burçin Orhon",,4.3
237,Iki Aile,2006,2008,3,,Comedy,15.5,"Ömer Güney,Emre Kinay,Iclal Aydin,Bahar Yanilmaz",,5.5
238,Yalanci yarim,2006,2008,3,,Comedy,16.0,"Baris Akarsu,Merve Sevi,Bülent Kayabas,Ayse Kökçü",,7.3
239,Arka Sokaklar,2006,2008,3,,Action,16.333333333333332,"Zafer Ergin,Sevket Çoruh,Özgür Ozan,Özlem Çinar",,3.7
240,Firtina,2006,2008,3,,Comedy,16.0,"Burçin Terzioglu,Murat Yildirim,Zerrin Sümer,Erkan Can",,6.9
241,Yaprak Dökümü,2006,2010,5,,Drama,16.5,"Deniz Çakir,Eren Balkan,Halil Ergün,Güven Hokna",,5.5
242,Sagir Oda,2006,2008,3,,Action,16.0,"Zeynep Kumral,Mehmet Çevik,Hakan Karahan,Selin Sekerci",,7.0
243,Selena,2006,2008,3,,Comedy,15.0,"Sinem Kobal,Serkan Senalp,Hakan Altiner,Sinan Çaliskanoglu",,1.9
244,29-30,2006,2008,3,,Drama,15.0,"Alpay K. Atalan,Nedime Agca,Erdem Akakçe,Suzan Aksoy",,7.3
245,Ah polis olsam,2006,2008,3,,Action,16.333333333333332,"Gökhan Çelebi,Yurtsen Fidan,Aytekin Cengiz,Fatih Altin",,1.3
246,Sila,2006,2008,3,,Drama,16.0,"Cemal Toktas,Mehmet Akif Alakurt,Cansu Dere,Celil Nalcakan",,5.7
247,Hatirla Sevgili,2006,2008,3,,Drama,14.0,"Cansel Elcin,Beren Saat,Okan Yalabik,Ayda Aksel",,7.7
248,Karagümrük yaniyor,2006,2008,3,,Romance,16.0,"Ugur Aslan,Sinem Öztufan,Cem Kölemenoglu,Özlem Yilmaz",,2.9
249,Ahh Istanbul,2006,2008,3,,Drama,18.0,"Tarik Akan,Suzan Aksoy,Ceyda Ates,Sibel Can",,4.2
250,Binbir Gece,2006,2009,4,,Drama,16.5,"Halit Ergenç,Bergüzar Korel,Tardu Flordun,Ceyda Düvenci",,5.3
251,Karinca yuvasi,2006,2008,3,,Comedy,16.0,"Memet Ali Alabora,Ilker Ayrik,Ece Bostanci,Ipek Erdem",,5.5
252,Ezo Gelin,2006,2008,3,,Drama,18.0,"Serhat Tutumluer,Yasemin Öztürk,Bülent Keser,Nurgül Yesilçay",,3.7
253,Maçolar,2006,2008,3,,Romance,16.0,"Burhan Öçal,Özlem Tekin,Gökhan Tepe,Tolgahan Sayisman",,5.7
254,Ümit milli,2006,2008,3,,Adventure,16.5,"Enes Atis,Burcu Biricik,Remzi Evren,Lemi Filozof",,3.8
255,Köprü,2006,2008,3,,Drama,18.0,"Zafer Alpat,Arif Piskin,Cüneyt Arda Pamuk,Erkan Avci",,7.6
256,Hayatim sana feda,2006,2008,3,,Drama,18.0,"Tamer Karadagli,Deniz Ugur,Asu Emre,Görkem Arda Keskin",,4.1
257,Doktorlar,2006,2008,3,,Drama,18.0,"Kutsi,Bekir Aksoy,Melike Güner,Yesim Ceren Bozoglu",,3.5
258,Bi is icin lazim,2006,2007,2,,Game-Show,12.0,"Cemil Büyükdögerli,Defne Joy Foster",,7.1
259,Büyük teklif,2006,2008,3,,Game-Show,12.0,Halit Ergenç,,3.2
260,Azap yolu,2006,2008,3,,Drama,18.0,"Kadir Inanir,Melisa Sözen,Ebru Akel,Aytekin Cengiz",,3.5
261,Yagmurdan sonra,2006,2007,2,,Drama,18.0,"Seda Çetin,Ilhami Adsal,Zeynep Akkoca,Umut Armagan",,2.0
262,Top model türkiye,2006,2008,3,,Reality-TV,12.0,"Cengiz Abazoglu,Deniz Akkaya,Ugurkan Erez",,2.3
263,Iyi ki varsin,2006,2008,3,,Drama,18.0,"Kadir Inanir,Eysan Özhim,Hülya Darcan,Ümit Acar",,3.1
264,Genis zamanlar,2007,2009,3,,Drama,18.0,"Zuhal Olcay,Özge Özberk,Oktay Kaynarca,Hakan Eratik",,7.0
265,Kurtlar Vadisi: Terör,2007,2007,1,,Adventure,17.5,"Necati Sasmaz,Gürkan Uygun,Bilal Yilmaz,Emre Korkmaz",,6.2
266,Buzda dans,2007,2009,3,,Family,13.5,"Gamze Özçelik,Behzat Uygur,Alinur Velidedeoglu,Cenk Ertaul",,2.4
267,Affedilmeyen,2007,2009,3,,Action,16.666666666666668,"Burçak Isimer,Damla Özen,Ayca Zeynep Aydin,Kevork Türker",,6.7
268,Yildizlar savasi,2007,2009,3,,Comedy,16.0,"Mehmet Ali Erbil,Fatma Kabasakal,Berna Laçin,Atilla Olgaç",,1.2
269,Tutsak,2007,2009,3,,Action,16.666666666666668,"Ugur Polat,Ezo Sunal,Kaan Urgancioglu,Hülya Darcan",,4.9
270,Kader,2007,2009,3,,Action,16.666666666666668,"Batur Belirdi,Birce Akalay,Hüseyin Soysalan,Özcan Deniz",,4.5
271,Kara duvak,2007,2007,1,,Drama,18.0,"Emel Çölgeçen,Hande Ataizi,Serkan Altunorak,Tuncel Kurtiz",,4.0
272,Elveda derken,2007,2009,3,,Drama,16.333333333333332,"Ece Uslu,Sinan Sümer,Burcu Kara,Gökhan Tepe",,5.3
273,Ayrilik,2007,2009,3,,Drama,18.0,"Sönmez Atasoy,Fadik Sevin Atasoy,Kenan Çoban,Gülseren Gürtunca",,6.6
274,Dicle,2007,2009,3,,Drama,18.0,"Asli Tandogan,Tolgahan Sayisman,Burak Sergen,Alev Gürzap",,3.6
275,Yersiz yurtsuz,2007,2009,3,,Drama,18.0,"Ferdi Tayfur,Serif Sezer,Nesrin Cavadzade,Sinan Albayrak",,5.7
276,Kurtlar Vadisi: Pusu,2007,2009,3,,Action,17.0,"Necati Sasmaz,Erhan Ufak,Adnan Erdogan,Cahit Kayaoglu",,6.3
277,Duvar,2007,2009,3,,Drama,17.0,"Taylan Güner,Sinem Uslu,Bülent Çetinaslan,Ilker Kizmaz",,6.5
278,Kavak Yelleri,2007,2011,5,,Comedy,16.0,"Didem Inselel,Ferit Kaya,Selin Sekerci,Pelin Karahan",,5.3
279,Genco,2007,2008,2,,Drama,16.333333333333332,"Cansin Özyosun,Alpay K. Atalan,Selen Seyven,Faik Ergin",,5.2
280,Sana mecburum,2007,2009,3,,Drama,18.0,"Dogus,Seda Bakan,Umut Tabak,Mehtap Bayri",,2.1
281,Zoraki koca,2007,2009,3,,Comedy,16.0,"Burak Özçivit,Özlem Yilmaz,Isil Yücesoy,Cihat Tamer",,5.5
282,Hayal ve gerçek,2007,2009,3,,Comedy,16.0,"Ayca Zeynep Aydin,Ayça Aysin Turan,Tamay Kiliç,Yasemin Hadivent",,2.6
283,Korkusuzlar,2007,2009,3,,Action,16.0,"Ismail Yk,Volkan Adiyaman,Istemi Betil,Fatos Güçlü",,5.9
284,Zeliha'nin Gözleri,2007,2009,3,,Adventure,17.0,"Sarp Levendoglu,Emel Çölgeçen,Bülent Sakrak,Cüneyt Özen",,5.8
285,Pusat,2007,2007,1,,Action,16.666666666666668,"Yasemin Balik,Sahin Çelik,Emin Boztepe,Alper Develioglu",,5.8
286,CÖT (Cok Özel Tim),2007,2009,3,,Action,16.0,"Sezai Altekin,Gül Arcan,Tansu Biçer,Bahar Senbahar",,2.5
287,Biçak sirti,2007,2009,3,,Drama,18.0,"Fikret Kuskan,Nejat Isler,Mehmet Günsür,Melisa Sözen",,7.6
288,Kuzey rüzgari,2007,2009,3,,Action,17.0,"Kadir Inanir,Bilal Yilmaz,Oktay Kaynarca,Ebru Kocaaga",,5.0
289,Menekse ile Halil,2007,2008,2,,Drama,16.666666666666668,"Kivanç Tatlitug,Sedef Avci,Murat Daltaban,Hasan Küçükçetin",,6.1
290,Magic necmi,2007,2009,3,,Reality-TV,12.0,Necmi Yildirim,,6.2
291,Asi,2007,2009,3,,Drama,17.0,"Tuba Büyüküstün,Murat Yildirim,Çetin Tekindor,Nur Sürer",,6.5
292,Esref Saati,2007,2009,3,,Comedy,16.0,"Yavuz Bingöl,Yetkin Dikinciler,Özge Borak,Yagmur Kasifoglu",,5.8
293,Ask yeniden,2007,2009,3,,Family,15.0,"Türkan Soray,Cihan Ünal,Baris Aksavas,Merve Bolugur",,5.7
294,Senden baska,2007,2009,3,,Comedy,16.666666666666668,"Ipek Yaylacioglu,Nihan Büyükagaç,Hare Sürel,Tolga Futaci",,6.0
295,Annem,2007,2009,3,,Drama,18.0,"Talat Bulut,Vahide Perçin,Duygu Yetis,Seda Akman",,3.8
296,Var misin? Yok musun?,2007,2009,3,,Game-Show,12.0,"Acun Ilicali,Asuman Krause,Ahmet Çakar,Ilker Ayrik",,2.8
297,Tatli bela Fadime,2007,2009,3,,Comedy,16.0,"Berk Oktay,Nehir Erdogan,Füsun Demirel,Bülent Alkis",,3.8
298,El gibi,2007,2009,3,,Drama,18.0,"Naz Elmas,Emre Altug,Deniz Gökçer,Irmak Ünal",,4.7
299,Fesupanallah,2007,2009,3,,Comedy,16.0,"Cem Davran,Emrecan Eker,Aysen Gruda,Hasan Kaçan",,4.1
300,Hayat apartmani,2007,2009,3,,Comedy,16.0,"Koksal Calik,Gamze Demirbilek,Erdinç Dinçer,Yalçin Güzelce",,1.2
301,Kelebek çikmazi,2007,2009,3,,Drama,18.0,"Hümeyra,Ceren Benderlioglu,Pamela Spence,Melike Öcalan",,5.2
302,Yemin,2007,2009,3,,Romance,16.0,"Canan Türker,Ayse Melike Çerçi,Yasemin Öztürk,Tuba Ünsal",,4.2
303,Sinekli bakkal,2007,2009,3,,Drama,18.0,"Özge Özberk,Ugur Polat,Ismail Hacioglu,Asli Altaylar",,5.1
304,Sessiz firtina,2007,2009,3,,Adventure,16.666666666666668,"Bilal Yilmaz,Erkan Petekkaya,Arzum Onan,Berkay Ates",,3.5
305,Dudaktan kalbe,2007,2009,3,,Drama,18.0,"Asli Tandogan,Yigit Özsener,Umut Tabak,Burak Hakki",,5.4
306,Elveda Rumeli,2007,2009,3,,Drama,13.0,"Filiz Ahmet,Salih Bademci,Recep Özgür Dereli,Suzana Akbelge",,7.7
307,Parmakliklar Ardinda,2007,2009,3,,Crime,16.5,"Yelda Reynaud,Özlem Düvencioglu,Pamir Pekin,Zeynep Kiziltan",,6.3
308,Hepsi bir,2007,2009,3,,Comedy,12.333333333333334,"Cemre Kemer,Eren Bakici,Gulcin Ergul,Yasemin Yuruk",,3.2
309,Oyun bitti,2007,2009,3,,Comedy,16.0,"Azra Akin,Mert Öcal,Baran Ayhan,Zeki Alasya",,3.9
310,Vazgeç gönlüm,2007,2009,3,,Drama,17.0,"Murat Han,Pelin Ermis,Irem Altug,Oguzhan Yildiz",,5.5
311,Havalimani,2007,2009,3,,Action,16.666666666666668,"Atilgan Gümüs,Mehmet Özbek,Sema Mumcu,Pamir Pekin",,3.8
312,Daglar delisi,2007,2009,3,,Drama,18.0,"Fatih Koyunoglu,Oya Okar,Ozman Sirgood,Merve Sevi",,3.5
313,Iki yabanci,2007,2009,3,,Drama,17.0,"Keremcem,Hatice Sendil,Kerem Can,Nilay Olcay",,3.2
314,Sessiz gemiler,2007,2009,3,,Drama,18.0,"Sezen Aray,Sezai Aydin,Hakan Eratik,Ömer Güney",,3.9
315,Sevgili dünürüm,2007,2009,3,,Comedy,16.0,"Didem Balçin,Haluk Bilginer,Cengiz Bozkurt,Rojda Demirer",,6.2
316,Yalan dünya,2007,2009,3,,Comedy,16.0,"Gökhan Özen,Ceyda Ates,Ipek Tenolcay,Korkmaz Polat",,4.7
317,Karayilan,2007,2009,3,,Action,16.666666666666668,"Serkan Genç,Arif Erkin Güzelbeyoglu,Binnur Kaya,Selen Öztürk",,7.5
318,Fedai,2007,2009,3,,Drama,18.0,"Seda Sayan,Tamer Karadagli,Metin Belgin,Ergül Coskun",,1.9
319,Tek Türkiye,2007,2009,3,,Drama,18.0,"Alpay Aksum,Erkan Bektas,Ozan Çobanoglu,Murat Çobangil",,4.7
320,Suç Dosyasi,2007,2009,3,,Crime,15.0,"Dean Baykan,Engin Özsayin,Rasim Öztekin,Suavi Eren",,6.5
321,Arka siradakiler,2007,2009,3,,Action,16.333333333333332,"Bülent Çetinaslan,Sinem Uslu,Sevda Dalgiç,Bülent Emin Yarar",,3.3
322,Dede Korkut - Egrek ve Segrek,2007,2009,3,,History,8.0,"Fuad Javadov,Demir Karahan,Lilie Lossen,Birol Tarkan Yildiz",,7.4
323,Dede Korkut: Bamsibeyrek nasil öldürüldü,2007,2009,3,,History,8.0,"Fuad Javadov,Demir Karahan,Lilie Lossen,Burak Sergen",,6.9
324,Çati kati,2007,2009,3,,Comedy,16.0,"Burcu Günestutar,Önder K. Açikbas,Baris Basar,Elif Durdu",,2.2
325,Benden Baba Olmaz,2007,2009,3,,Comedy,15.5,"Mine Tugay,Atilgan Gümüs,Okan Tangücü,Volkan Severcan",,6.7
326,Gönül salincagi,2007,2008,2,,Drama,18.0,"Ayse Sule Bilgiç,Kiraç,Umut Temiz,Erdal Tosun",,3.8
327,Hakkini helal et,2007,2008,2,,Drama,18.0,"M. Sitare Akbas,Hamdi Alp,Mürsit Bag,Ibrahim Güldogan",,6.5
328,Metropol cafe,2007,2009,3,,Comedy,16.0,"Mehmet Ergin Balkas,Max Bendo,Inan Güngören,Bade Iscil",,2.6
329,Gulhan'in Galaksi Rehberi,2007,2009,3,,Adventure,17.0,,,7.4
330,Koca Kafalar TV,2007,2008,2,,Comedy,16.0,,,4.9
331,Bez Bebek,2007,2010,4,,Comedy,16.333333333333332,"Sibel Kasapoglu,Asena Keskinci,Ege Tanman,Elif Ceren Balikçi",,2.9
332,Komedi Dukkani,2007,2011,5,,Comedy,16.0,"Tolga Çevik,Sarp Bozkurt,Firat Parlak,Özer Atik",,8.0
333,Kara gunes,2007,2009,3,,Drama,18.0,"Senay Akay,Caner Cindoruk,Demet Sasmaz,Gani Savata",,1.6
334,Keske olmasaydi...,2007,2007,1,,Documentary,10.0,"Tarik Akyildiz,Hasan Ataol,Mehdi Bespinar,Süleyman Demirel",,6.0
335,Uzman Avi,2007,2008,2,,Game-Show,12.0,Defne Joy Foster,,8.8
336,Görgüsüzler,2008,2008,1,,Comedy,16.0,"Zeki Alasya,Melek Baykal,Çagla Sikel,Levent Ülgen",,2.0
337,Gazi,2008,2008,1,,Adventure,17.0,"Bilal Yilmaz,Ismail Hakki,Volga Sorgu,Selim Makaroglu",,5.5
338,Sinif,2008,2010,3,,Drama,18.0,"Enes Atis,Nihan Büyükagaç,Sennur Canpolat,Kerem Corogil",,7.3
339,Çemberin disinda,2008,2010,3,,Crime,15.0,"Kenan Bal,Ugur Baltepe,Durul Bazan,Belgin Erdogan",,1.1
340,Pars: Narkoterör,2008,2010,3,,Action,16.0,"Ozman Sirgood,Hüseyin Soysalan,Adem Yavuz Özata,Seda Bakan",,4.0
341,Yol arkadasim,2008,2010,3,,Drama,17.0,"Bigkem Melisa Özelçi,Asena Keskinci,Serhat Mustafa Kiliç,Gürsan Piri Onurlu",,6.3
342,Servet avcisi,2008,2010,3,,Comedy,16.0,"Murat Akkoyunlu,Ömür Arpaci,Berksan,Haldun Boysan",,3.1
343,Mert ile Gert,2008,2010,3,,Comedy,16.0,"Engin Alkan,Sedef Sahin,Nilgün Belgün,Isilay Gül",,2.9
344,Son Aga,2008,2010,3,,Comedy,16.0,"Tamer Karadagli,Feride Çetin,Emel Müftüoglu,Sener Kökkaya",,5.1
345,Baba ocagi,2008,2010,3,,Comedy,16.333333333333332,"Burak Özçivit,Selim Gülgören,Gülden Dudarik,Algi Eke",,6.0
346,Doludizgin yillar,2008,2010,3,,Drama,18.0,"Yusuf Ömer Sinav,Selen Seyven,Erdal Cindoruk,Bigkem Melisa Özelçi",,6.5
347,Küçük Kadinlar,2008,2010,3,,Drama,18.0,"Hande Soral,Fulya Zenginer,Elit Iscan,Selin Ilgar",,3.4
348,Derdest,2008,2010,3,,Drama,18.0,"Orhan Kilic,Sezin Akbasogullari,Burak Sergen,Nihan Büyükagaç",,5.4
349,Elif,2008,2010,3,,Drama,17.0,"Mehmet Feim Mehmedof,Keremcem,Yasemin Kay Allen,Ferdi Akarnur",,4.7
350,Ask-i Memnu,2008,2011,4,,Drama,17.0,"Beren Saat,Kivanç Tatlitug,Nebahat Çehre,Nur Fettahoglu",,7.2
351,Dügün sarkicisi,2008,2010,3,,Comedy,16.333333333333332,"Nese Karaböcek,Asli Kökçe,Muhittin Paydas,Mustafa Uzunyilmaz",,4.3
352,Gece gündüz,2008,2009,2,,Drama,18.0,"Orhan Eskin,Ömer Güney,Ece Hakim,Elif Nur Kerkük",,6.9
353,Akasya duragi,2008,2012,5,,Comedy,16.0,"Erol Günaydin,Pelin Sönmez,Asli Altaylar,Zeki Alasya",,2.2
354,Eyvah halam,2008,2010,3,,Comedy,15.5,"Defne Yalniz,Dogac Yildiz,Ece Çesmioglu,Zeynep Özkaya",,5.1
355,Son bahar,2008,2010,3,,Drama,18.0,"Basri Albayrak,Erkan Petekkaya,Ayça Varlier,Çelik Bilge",,6.7
356,Gece Sesleri,2008,2010,3,,Drama,16.0,"Nursim Demir,Ebru Aykaç,Özlem Baskaya,Ismail Hacioglu",,6.0
357,Memur Muzaffer,2008,2010,3,,Drama,18.0,"Ferdi Tayfur,Billur Yazgan,Sevil Ustekin,Yeliz Tozan",,6.3
358,Canim ailem,2008,2010,3,,Comedy,16.333333333333332,"Funda Eryigit,Ugur Yücel,Ozan Güven,Sebnem Bozoklu",,7.5
359,Adanali,2008,2010,3,,Action,15.5,"Oktay Kaynarca,Mehmet Akif Alakurt,Cagkan Culha,Umut Oguz",,3.2
360,Çok Güzel Hareketler Bunlar,2008,2011,4,,Comedy,16.0,"Aysegül Akdemir,Gülsüm Alkan,Beyaz,Mehmet Ali Birand",,6.4
361,Karamel,2008,2010,3,,Drama,18.0,"Ahu Türkpençe,Emre Kinay,Gökhan Soylu,Ülkü Duru",,3.4
362,Cennetin çocuklari,2008,2010,3,,Drama,18.0,"Ali Basar,Sinem Boyacioglu,Cansel Elcin,Halim Ercan",,5.6
363,Disko krali,2008,2010,3,,Comedy,15.0,"Okan Bayülgen,Erol Günaydin,Hakki Devrim,Tayfun Duygulu",,7.0
364,Ölüm Çiçekleri,2008,2010,3,,Action,16.0,"Tan Arcan,Zeynep Beserler,Nadim Güç,Asli Sahin",,4.8
365,Ask Yakar,2008,2009,2,,Drama,18.0,"Tan Arcan,Meltem Cumbul,Özcan Deniz,Ugur Polat",,3.5
366,1 Kadin 1 Erkek,2008,2010,3,,Comedy,16.0,"Miray Daner,Demet Evgar,Emre Karayel,Ayse Melike Çerçi",,7.9
367,Serce,2008,2009,2,,Drama,18.0,"Özhan Carda,Deniz Gökçer,Alev Gürzap,Fikret Hakan",,5.5
368,Goncakaranfil,2008,2009,2,,Drama,18.0,"Sarp Akkaya,Alisan,Aslihan Gürbüz,Esref Kolçak",,3.6
369,Unutma Beni,2008,2010,3,,Drama,18.0,"Zafer Gokcek,Engin Özsayin,Özgürcan Cevik,Temmuz Gürkan Karaca",,3.3
370,Sen Harikasin,2008,2010,3,,Comedy,16.0,"Demet Akbag,Ruhsar Gültekin,Güven Kiraç,Ragip Savas",,6.5
371,Ipsiz Recep,2008,2009,2,,Drama,18.0,"Kadir Inanir,Manolya Asik,Murat Bölücek,Hilmi Erdem",,5.9
372,Kalpsiz Adam,2008,2010,3,,Drama,18.0,"Riza Akin,Saadet Aksoy,Batur Belirdi,Hakan Boyav",,7.0
373,Cesaretin var mi aska,2008,2010,3,,Comedy,16.0,"Engin Altan Düzyatan,Özge Özpirinçci,Tarik Pabuccuoglu,Ali Erkazan",,3.4
374,Es-Es,2008,2009,2,,Action,15.5,"Erdal Besikçioglu,Berk Hakman,Derya Alabora,Leyla Lydia Tugutlu",,7.2
375,Ece,2008,2010,3,,Comedy,15.333333333333334,"Nazli Akin,Hande Ataizi,Özlem Balci,Osman Bayraktutan",,1.5
376,Benim annem bir melek,2008,2010,3,,Comedy,15.666666666666666,"Oya Basar,Tarik Ünlüoglu,Dolunay Soysert,Ali Sunal",,6.2
377,Aninda görüntü show,2008,2009,2,,Comedy,16.0,"Yigit Ari,Hale Caneroglu,Osmantan Erkir,Ayça Isildar",,6.8
378,Yalanci romantik,2008,2010,3,,Comedy,16.0,"Hakan Yilmaz,Ebru Cündübeyoglu,Zerrin Sümer,Yalçin Mentes",,7.5
379,Komedi türk,2008,2010,3,,Comedy,16.0,"Ferdi Akarnur,Icmal Aktuna,Anastasia Beloborodova,Max Bendo",,4.6
380,Kollama,2008,2011,4,,Action,16.333333333333332,"Burçin Abdullah,Sebahat Adalar,Kamil Adigüzel,Melek Akarsu",,7.5
381,Pulsar,2008,2008,1,,Comedy,15.5,"Baris Akkoyun,Ayberk Atilla,Ates Aydiner,Buket Dereoglu",,7.0
382,Pepee,2008,2015,8,,Animation,15.5,"Meryem Atmaca,Ayse Sule Bilgiç,Iraz Elif Kiraç,Yagiz Alp Simsek",,6.0
383,Papatyam,2009,2018,10,,Comedy,16.333333333333332,"Metin Akpinar,Merve Altinkaya,Ömür Arpaci,Ercüment Balakoglu",,4.9
384,Görev Pesinde - Der Auftrag,2009,2018,10,,Action,16.0,"Can Aydin,Kazim Carman,Demir Karahan,Guido Kessler",,5.7
385,Cam kiriklari,2009,2018,10,,Drama,18.0,"Nursel Ergin,Ipek Tenolcay,Kadir Kandemir,Ceren Benderlioglu",,4.1
386,Aynadaki düsman,2009,2018,10,,Action,16.0,"Safak Sezer,Mine Tugay,Fadik Sevin Atasoy,Mahir Günsiray",,4.1
387,Bir bulut olsam,2009,2009,1,,Drama,17.0,"Aslihan Gürbüz,Berfu Öngören,Burcu Binici,Ahmet Kural",,5.8
388,Melekler korusun,2009,2010,2,,Comedy,16.666666666666668,"Hümeyra,Avni Yalçin,Rojda Demirer,Serkan Altunorak",,6.5
389,Genis Aile,2009,2011,3,,Comedy,16.0,"Ufuk Özkan,Rasim Öztekin,Firat Tanis,Ilker Ayrik",,7.1
390,Ey ask nerdesin,2009,2018,10,,Comedy,16.0,"Burçin Terzioglu,Tayanç Ayaydin,Gülden Avsaroglu,Görkem Yeltan",,5.3
391,Kül ve ates,2009,2018,10,,Drama,18.0,"Serhat Tutumluer,Basak Köklükaya,Taner Ölmez,Serap Aksoy",,4.8
392,Ezel,2009,2011,3,,Crime,16.333333333333332,"Kenan Imirzalioglu,Cansu Dere,Ipek Bilgin,Bade Iscil",,8.5
393,Kasaba,2009,2018,10,,Drama,17.0,"Serdal Genç,Talat Bulut,Murat Ünalmis,Lale Yavas",,6.6
394,Bu kalp seni unutur mu?,2009,2018,10,,Drama,18.0,"Ferit Kaya,Ahmet Devran Dayanc,Burak Demir,Turhan Kaya",,6.1
395,Yeni bastan,2009,2018,10,,Drama,18.0,"Ebru Akel,Leyla Giraud,Senay Gürler,Saruhan Hünel",,6.0
396,Makber,2009,2018,10,,Drama,18.0,"Seda Bakan,Devrim Nas,Gamze Karaman,Soydan Soydas",,3.5
397,Samanyolu,2009,2010,2,,Drama,18.0,"Kenan Ece,Eray Özbal,Nesrin Cavadzade,Yilmaz Öztürk",,4.3
398,Muhabbet krali,2009,2018,10,,Talk-Show,14.0,"Sevil Atasoy,Okan Bayülgen",,6.6
399,Maskeli balo,2009,2018,10,,Action,16.666666666666668,"Aytaç Arman,Burcu Kara,Burak Hakki,Korel Cezayirli",,3.9
400,Hanimin çiftligi,2009,2011,3,,Drama,18.0,"Özgü Namal,Caner Cindoruk,Mehmet Çevik,Ali Düsenkalkar",,5.0
401,Ömre bedel,2009,2018,10,,Drama,18.0,"Orhan Biyikli,Özlem Tokaslan,Basri Albayrak,Ege Aydan",,5.8
402,Kahve bahane,2009,2018,10,,Comedy,16.0,"Batur Belirdi,Selim Erdogan,Öner Erkan,Ragip Gülen",,5.4
403,Kapaliçarsi,2009,2018,10,,Adventure,17.5,"Olgun Simsek,Asli Tandogan,Mert Firat,Engin Altan Düzyatan",,5.5
404,Sakarya-Firat,2009,2013,5,,Action,16.666666666666668,"Sezen Aray,Erkan Kolçak Köstendil,Çagdas Onur Öztürk,Ismail Hakki",,7.0
405,Koca Kafalar Baba Haber Bulteni,2009,2018,10,,Comedy,16.0,Vural Yasaroglu,,6.7
406,Aile Reisi,2009,2018,10,,Comedy,16.0,"Pinar Altug,Emre Kinay,Damla Deniz Turgut,Yeliz Baslangic",,3.5
407,Acemi Müezzin,2009,2018,10,,Comedy,16.666666666666668,"Burak Altay,Erkan Avci,Bertan Benli,Istemi Betil",,6.6
408,The Crossroads with Martin Anthony,2009,2010,2,,Talk-Show,14.0,"Martin Anthony,Stewart Copeland,Thomas Buesch,Michael Constantine",,6.9
409,Deniz yildizi,2009,2018,10,,Drama,18.0,"Arda Artun Konak,Feyyaz Gümüs,Mert Ögüt,Erdogan Gizem",,2.3
410,Bahar Dallari,2009,2010,2,,Drama,18.0,"Luran Ahmeti,Bilgen Akalan,Mehmet Akif Alakurt,Hande Alpaslan",,6.4
411,Siki dostlar,2009,2018,10,,Comedy,16.0,"Bahar Akça,Ömür Arpaci,Bihter Dinçel,Alp Kirsan",,7.4
412,Haneler,2009,2010,2,,Comedy,16.0,"Ahmet Saraçoglu,Serdar Orçin,Firat Dogruloglu,Murat Akkoyunlu",,7.2
413,Ramazan Güzeldir,2009,2018,10,,Comedy,16.0,"Burak Aksak,Zeynep Aydin,Ilker Ayrik,Erman Bagri",,7.5
414,Bir Zahmet,2009,2010,2,,Comedy,16.0,Gokhan Yikilkan,,7.8
415,Altin kizlar,2009,2018,10,,Comedy,16.0,"Fatma Girik,Hülya Koçyigit,Nevra Serezli,Türkan Soray",,4.9
416,Unutulmaz,2009,2011,3,,Drama,18.0,"Ayla Algan,Aylin Arasil,Murat Bölücek,Deniz Gökçer",,7.5
417,Ask Bir Hayal,2009,2011,3,,Action,17.0,"Bahadir B. Bingöl,Murat Bölücek,Irem Sultan Cengiz,Nehir Erdogan",,4.8
418,Kelime oyunu,2009,2018,10,,Game-Show,12.0,Ali Ihsan Varol,,7.4
419,Ask ve ceza,2010,2011,2,,Action,16.666666666666668,"Murat Yildirim,Nurgül Yesilçay,Tomris Incer,Feride Çetin",,5.9
420,Gönülçelen,2010,2011,2,,Comedy,13.333333333333334,"Tuba Büyüküstün,Günay Karacaoglu,Zeynep Tugçe Bayat,Dilsad Çelebi",,5.7
421,Türk mali,2010,2018,9,,Comedy,16.0,"Miray Akay,Serenay Aktas,Bekir Aksoy,Selin Altay",,3.6
422,Mükemmel çift,2010,2018,9,,Comedy,16.0,"Tardu Flordun,Songül Öden,Seda Akman,Zafer Algöz",,5.1
423,Dürüye'nin gügümleri,2010,2018,9,,Comedy,16.0,"Didem Uzel,Neslihan Yeldan,Ipek Tuzcuoglu,Emre Kinay",,4.3
424,Bitmeyen sarki,2010,2011,2,,Comedy,13.333333333333334,"Bergüzar Korel,Bülent Inal,Tuncer Salman,Celil Nalcakan",,4.3
425,Küçük Sirlar,2010,2018,9,,Drama,18.0,"Sinem Kobal,Burak Özçivit,Merve Bolugur,Ipek Karapinar",,3.7
426,Güneydogu'dan Öyküler - Önce Vatan,2010,2018,9,,Drama,16.666666666666668,"Melisa Sözen,Serhat Tutumluer,Umut Kurt,Arsen Gürzap",,6.9
427,Fatmagül'ün Suçu Ne?,2010,2012,3,,Drama,17.0,"Beren Saat,Engin Akyürek,Firat Çelik,Murat Daltaban",,5.5
428,Öyle Bir Geçer Zaman ki,2010,2013,4,,Adventure,16.666666666666668,"Ayça Bingöl,Yildiz Çagri Atiksoy,Aras Bulut Iynemli,Mete Horozoglu",,6.6
429,Yer Gök Ask,2010,2018,9,,Romance,16.0,"Ugur Aslan,Sahin Ergüney,Tolga Sala,Cansin Özyosun",,3.6
430,Behzat Ç.: Bir Ankara Polisiyesi,2010,2013,4,,Crime,15.666666666666666,"Erdal Besikçioglu,Fatih Artman,Inanç Konukçu,Seda Bakan",,8.7
431,Karadaglar,2010,2018,9,,Drama,18.0,"Ahmet Rifat Sungar,Helin Melike Çal,Gülçin Tunçok,Erdal Özyagcilar",,5.5
432,Sen Yuva,2010,2018,9,,Comedy,16.0,"Caner Alkaya,Aysegül Atik,Seda Bakan,Mehtap Bayri",,7.5
433,Yahsi cazibe,2010,2018,9,,Comedy,16.0,"Melisa Toros,Mert Can Sevimli,Aron Buniel,Seyla Halis",,5.6
434,Kizim nerede,2010,2011,2,,Action,16.333333333333332,"Erkan Bektas,Serkan Senalp,Nihan Balyali,Erdeniz Kurucan",,6.1
435,Türkan,2010,2018,9,,Biography,6.0,"Özgürcan Cevik,Fatih Koyunoglu,Pinar Ögün,Ruzgar Aksoy",,5.3
436,Rise of the Rebellion,2010,2018,9,,Action,15.0,"Ali Gult,Pinar Kefeli,Iain Maynard,Taner Uzum",,7.1
437,Lale Devri,2010,2014,5,,Drama,18.0,"Tolgahan Sayisman,Hatice Aslan,Kenan Bal,Gül Onat",,3.5
438,Kanit,2010,2013,4,,Crime,15.0,"Askin Ibik,Murat Çelik,Nazli Bektas,Sebahat Adalar",,7.1
439,Kiliç Günü,2010,2018,9,,Action,16.666666666666668,"Tansel Öngel,Melike Güner,Nur Erkul,Ertan Saban",,7.3
440,Elde Var Hayat,2010,2012,3,,Drama,18.0,"Emre Altug,Meral Asiltürk,Yesim Ceren Bozoglu,Rojda Demirer",,7.1
441,Cakil Taslari,2010,2018,9,,Comedy,16.0,"Ümit Belen,Murat Bölücek,Kadir Dogulu,Hakan Gerçek",,6.2
442,Cuma'ya Kalsa,2010,2018,9,,Comedy,16.0,"Nilgün Belgün,Haluk Bilginer,Ümit Erdim,Aysun Kayaci",,5.6
443,Sefkat Tepe,2010,2014,5,,Action,16.333333333333332,"Mert Kiliç,Bora Karakul,Ertugrul Sakar,Mehmet Korhan Firat",,5.6
444,Farkli Desenler,2010,2013,4,,Action,16.333333333333332,"Kamil Adigüzel,Mutlu Albayram,Iskender Altin,Emre Emin Aravi",,6.4
445,Ogretmen Kemal,2010,2011,2,,Drama,18.0,"Bülent Emin Yarar,Esin Varan,Asena Tugal,Berat Akca",,2.6
446,Yok Böyle Dans,2010,2011,2,,Game-Show,10.0,"Almeda Abazi,Azra Akin,Altay,Sibel Arna",,4.5
447,Ihanet,2010,2010,1,,Action,17.0,"Selahattin Acar,Toygun Ates,Nejmi Aykar,Sedat Bilenler",,6.4
448,Yerden Yüksek,2010,2010,1,,Comedy,16.0,"Yasemin Kay Allen,Zafer Altun,Hakan Altuntas,Enis Arikan",,7.2
449,Adini Feriha Koydum,2011,2012,2,,Drama,17.0,"Çagatay Ulusoy,Deniz Ugur,Yusuf Akgün,Feyza Civelek",,5.4
450,Leyla ile Mecnun,2011,2014,4,,Adventure,17.0,"Ali Atay,Cengiz Bozkurt,Serkan Keskin,Osman Sonant",,9.2
451,Derin Sular,2011,2018,8,,Drama,18.0,"Alican Albayrak,Hilal Altinbilek,Nese Arat,Deniz Baysal",,6.5
452,Muhtesem Yüzyil,2011,2014,4,,Biography,10.666666666666666,"Halit Ergenç,Nur Fettahoglu,Selim Bayraktar,Selen Öztürk",,6.6
453,Dinle Sevgili,2011,2018,8,,Drama,18.0,"Ayça Aysin Turan,Evrim Dogan,Esin Yildiz,Baris Arduç",,3.5
454,Altin Elbiseli Adam,2011,2018,8,,Sport,12.0,Barkin Bayoglu,,7.7
455,Kuzey Güney,2011,2013,3,,Drama,18.0,"Kivanç Tatlitug,Bugra Gülsoy,Öykü Karayel,Mustafa Avkiran",,7.5
456,Umutsuz Ev Kadinlari,2011,2018,8,,Drama,16.0,"Devrim Özder Akin,Furkan Andic,Erdal Bilingen,Metin Büktel",,4.9
457,Seni Bana Yazmislar,2011,2018,8,,Comedy,16.0,"Erdem Akakçe,Basri Albayrak,Gümeç Alpay Aslan,Cemal Hünal",,5.9
458,Hayat Devam Ediyor,2011,2018,8,,Drama,18.0,"Meltem Miraloglu,Melda Arat Mutlu,Onur Tuna,Hakan Vanli",,4.3
459,Yalanci Bahar,2011,2018,8,,Drama,16.666666666666668,"Cansel Elcin,Fahriye Evcen Özçivit,Serkan Ercan,Merve Sevi",,5.5
460,Extreme-G,2011,2018,8,,Sport,12.0,"Hayko Cepkin,Doruk Cetin,Sezai Calli,Meric Alural",,5.3
461,Kesanli Ali Destani,2011,2018,8,,Drama,18.0,"Sevki Altunbuken,Belçim Bilgin,Bahtiyar Engin,Beyti Engin",,5.3
462,Mavi Kelebekler,2011,2018,8,,Drama,18.0,"Onur Azad Yilmaz,Sarp Akkaya,Recep Aktug,Münir Akça",,6.2
463,Beni Affet,2011,2018,8,,Drama,18.0,"Arda Artun Konak,Nejdet Erdem,Zafer Gokcek,Hazal Filiz Küçükköse",,2.2
464,5'er beser,2011,2018,8,,Comedy,16.0,"Alper Kul,Asli Sahin,Irem Sak,Ruhi Sari",,7.3
465,Mucize Lezzetler,2011,2018,8,,Family,15.0,Refika Birgul,,7.4
466,Üsküdar'a Giderken,2011,2018,8,,Comedy,16.0,"Öner Erkan,Tülin Özen,Murat Cemcir,Erkan Can",,8.2
467,Yamak Ahmet,2011,2012,2,,Drama,18.0,"Boglarka Csösz,Yunus Emre Kilinc,Leyla Okay,Dilek Pehlivan",,7.5
468,Araf Zamani,2011,2012,2,,Drama,18.0,"Arda Tugra Asik,Güray Kip,Saruhan Hünel,Sermin Hürmeriç",,6.3
469,Alemin Kirali,2011,2013,3,,Comedy,16.0,"Elvin Levinler,Cengiz Esiyok,Esvet Sahin,Ramazan Dogan",,4.1
470,Canim babam,2011,2018,8,,Comedy,16.0,"Mehmet Aslantug,Özge Özberk,Neslihan Atagül,Merve Ates",,6.5
471,Iffet,2011,2012,2,,Drama,17.0,"Ibrahim Celikkol,Melike Güner,Mahir Günsiray,Zuhal Olcay",,4.6
472,Bizim Yenge,2011,2018,8,,Comedy,16.0,"Nihan Balyali,Berna Koraltürk,Gözde Mutluer,Özlem Tekin",,5.5
473,Umut Yolculari,2011,2012,2,,Crime,15.0,"Manolya Asik,Yunus Günçe,Marius Toma,Özgür Özaslan",,6.7
474,Tövbeler Tövbesi,2011,2012,2,,Drama,18.0,"Keremcem,Neslihan Maltepe,Gözde Mutluer,Cemal Toktas",,4.3
475,Kayip Araniyor,2011,2018,8,,Crime,15.0,"Levent Üzümcü,Irem Altug,Özcan Varayli,Levent Sülün",,5.3
476,Mazi Kalbimde Yaradir,2011,2018,8,,Drama,18.0,"Selçuk Yöntem,Sedef Avci,Özgür Çevik,Berk Hakman",,7.5
477,Burada laf cok,2011,2018,8,,Talk-Show,14.0,"Mesut Yar,Deniz Ugur,Hayko Cepkin,Zeynep Eronat",,6.6
478,Bir Çocuk Sevdim,2011,2012,2,,Drama,17.0,"Aybars Kartal Özson,Songül Bayoglu,Hasan Say,Mert Ögüt",,6.7
479,Pis Yedili,2011,2014,4,,Comedy,16.0,"Kadir Dogulu,Eda Ece,Günes Zavrak,Halil Babür",,2.5
480,Firar,2011,2012,2,,Drama,18.0,"Sebnem Hassanisoughi,Caner Cindoruk,Ismail Hacioglu,Lila Gürmen",,3.7
481,Mor Menekseler,2011,2012,2,,Crime,15.0,"Berkay Akin,Zafer Algöz,Ozan Arabaci,Ömür Arpaci",,7.2
482,Al Yazmalim,2011,2012,2,,Drama,18.0,"Seçkin Özdemir,Özge Özpirinçci,Baris Falay,Saygin Soysal",,6.8
483,Sen de Gitme,2011,2018,8,,Drama,18.0,"Eslem Akar,Sezin Akbasogullari,Ilker Aksum,Sinan Albayrak",,6.3
484,Küçük Hanimefendi,2011,2012,2,,Drama,18.0,"Cansu Tosun,Baris Bagci,Arsen Gürzap,Derya Alabora",,6.9
485,Avrupa Avrupa,2011,2013,3,,Comedy,16.0,"Hikmet Aktas,Sehsuvar Aktas,Buse Arslan,Egemen Bagis",,7.0
486,Izmir çetesi,2011,2018,8,,Adventure,17.0,"Nilay Tugba Baz,Melis Caba,Cem Davran,Kenan Ece",,5.3
487,Zehirli Sarmasik,2011,2011,1,,Crime,16.5,"Hamdi Alp,Dogu Alpan,Yesim Büber,Nurseli Idiz",,6.6
488,Kursun bilal,2011,2012,2,,Crime,15.0,"Leyla Göksun,Koray Kadiraga,Arda Kural,Cem Kurtoglu",,5.9
489,Nuri,2011,2011,1,,Comedy,16.0,"Selin Altay,Hakan Altiner,Elcin Atamgüc,Baris Basar",,4.1
490,Kalbim Seni Seçti,2011,2012,2,,Drama,18.0,"Meryem Akar,Öncil Aktarici,Serenay Aktas,Fikret Altunhan",,5.8
491,Istanbul'un Altinlari,2011,2011,1,,Comedy,16.0,"Demet Akbag,Önder K. Açikbas,Vedat Baltaci,Haluk Bilginer",,6.7
492,Karakol,2011,2011,1,,Action,16.333333333333332,"Seda Akman,Ruzgar Aksoy,Mustafa Avkiran,Müge Boz",,7.6
493,O Ses Türkiye,2011,2018,8,,Music,9.0,"Acun Ilicali,Hadise,Murat Boz,Ebru Gündes",,6.4
494,Nazli Tolga ile Fox Ana Haber,2011,2013,3,,News,15.0,"Nazli Tolga,Gülbin Tosun",,8.2
495,Isimsizler,2012,2018,7,,Adventure,17.0,"Goksenin Aktas,Umut Eskibatman,Oguz Oztas,Gulistan Sarbas",,3.6
496,Kalbim 4 Mevsim,2012,2018,7,,Drama,17.0,"Cavit Çetin Güner,Mehmet Feim Mehmedof,Sedat Mert,Alim Muzaffer",,4.6
497,Yalan Dünya,2012,2014,3,,Comedy,16.0,"Gülse Birsel,Altan Erkekli,Füsun Demirel,Olgun Simsek",,7.0
498,1 Erkek 1 Kadin,2012,2018,7,,Comedy,16.0,"Demet Evgar,Emre Karayel,Hare Sürel,Beyaz",,7.7
499,Son,2012,2012,1,,Adventure,16.333333333333332,"Mehrnoush Esmaeilpour,Erkan Can,Engin Altan Düzyatan,Selcuk Eisen",,7.3
500,Acayip hikayeler,2012,2012,1,,Fantasy,12.0,"Hayko Cepkin,Levent Güner,Zeynep Tuncay,Bülent Polat",,7.5
501,Son Yaz - Balkanlar 1912,2012,2012,1,,Drama,17.0,"Hazal Kaya,Tugçe Kazaz,Furkan Palali,Tardu Flordun",,5.9
502,Evlerden Biri,2012,2018,7,,Drama,17.0,"Dilara Aksüyek,Gümeç Alpay Aslan,Cumhuriyet Kiper,Özcan Varayli",,6.5
503,Sudan Bikmis Baliklar,2012,2018,7,,Romance,16.0,"Konca Cilasun,Burak Sagyasar,Ezgi Eyüboglu,Övül Avkiran",,6.0
504,Suskunlar,2012,2012,1,,Action,16.333333333333332,"Murat Yildirim,Asli Enver,Sarp Akkaya,Güven Murat Akpinar",,8.3
505,Bir zamanlar Osmanli: Kiyam,2012,2018,7,,History,8.0,"Kerem Atabeyoglu,Incinur Dasdemir,Ayfer Dönmez,Bedia Ener",,5.6
506,Isler Güçler,2012,2013,2,,Comedy,16.0,"Adnan Sur,Yakup Sariyildiz,Murat Cemcir,Ahmet Kural",,8.5
507,Canimin içi,2012,2018,7,,Comedy,16.0,"Perran Kutman,Levent Öktem,Hare Sürel,Sercan Badur",,5.3
508,Ibreti Ailem,2012,2018,7,,Comedy,16.0,"Müjdat Gezen,Zafer Algöz,Sebnem Sönmez,Olkan Serdar Yildiz",,6.3
509,Atlilar,2012,2018,7,,Fantasy,14.0,"Ivaylo Asparuhov,Kristian Kiehling,Asli Tandogan,Konstantin Gerginov Timmy",,5.0
510,Karadayi,2012,2015,4,,Action,16.333333333333332,"Kenan Imirzalioglu,Bergüzar Korel,Çetin Tekindor,Riza Kocaoglu",,7.4
511,Seksenler,2012,2017,6,,Comedy,15.5,"Ayse Tolga,Berat Yenilmez,Vural Çelik,Serhat Mustafa Kiliç",,7.0
512,Krem,2012,2018,7,,Comedy,16.0,"Duygu Yetis,Kenan Ece,Ebru Akel,Haktan Pak",,4.3
513,Eve Dusen Yildirim,2012,2012,1,,Drama,18.0,"Gizem Karaca,Seda Akman,Murat Han,Mehmetcan Mincinozlu",,4.7
514,Nameless,2012,2018,7,,Action,16.333333333333332,"Hakan Yildiz,Umut Orkun Eskibatman,Oguz Oztas,Goksenin Aktas",,7.2
515,Sizinkiler - Çatlak Yumurtalar,2012,2018,7,,Animation,5.0,"Hakan Akin,Sabanur Aksoy,Selim Yegin,Çaglar Çorumlu",,5.0
516,Subat,2012,2013,2,,Crime,15.666666666666666,"Alican Yücesoy,Melisa Sözen,Özkan Ugur,Sermet Yesil",,7.9
517,Dila Hanim,2012,2018,7,,Drama,17.0,"Ayfer Dönmez,Özlem Tokaslan,Anil Yalçin,Görkem Mertsöz",,4.2
518,Kayip Sehir,2012,2018,7,,Drama,18.0,"Can Basak,Deniz Baysal,Sinan Demirer,Dilek Güven",,7.3
519,Merhaba Hayat,2012,2013,2,,Drama,18.0,"Keremcem,Yildiz Kültür,Miray Daner,Ozman Sirgood",,5.7
520,Türk'ün Uzayla Imtihani,2012,2018,7,,Comedy,14.0,"Ufuk Özkan,Sinan Çaliskanoglu,Gunce Mutlu,Ozge Ulusoy",,2.2
521,Hayatimin Rolü,2012,2018,7,,Comedy,17.0,"Merve Ates,Tiraje Basaran,Haluk Bilginer,Edis",,4.8
522,M.U.C.K.,2012,2012,1,,Musical,5.0,"Seda Telciler,Azra Akin,Kivanç Baran Aslan,Mehmet Aslan",,4.2
523,Iki Yaka Bir Ismail,2012,2018,7,,Comedy,16.0,"Rana Cabbar,Giannis Chatzigeorgiou,Stefanos Damatos,Gizem Denizci",,4.4
524,Kötü Yol,2012,2012,1,,Drama,18.0,"Cansel Elcin,Sükran Ovali,Ilker Aksum,Ezgi Mola",,5.7
525,Annem uyurken,2012,2018,7,,Comedy,16.0,"Hümeyra,Seher Devrim Yakut,Bora Akkas,Ruzgar Aksoy",,3.8
526,Uçurum,2012,2013,2,,Action,17.0,"Lavinia Longhi,Mehmet Ali Nuroglu,Erdal Yildiz,Esra Ronabar",,7.5
527,Harem,2012,2018,7,,Comedy,16.0,"Murat Arkin,Serhan Arslan,Önder K. Açikbas,Belma Canciger",,4.1
528,Böyle Bitmesin,2012,2018,7,,Drama,18.0,"Sevcan Yasar,Birce Akalay,Birol Denizci,Serpil Gül",,7.6
529,Bir ferhat ile sirin hikayesi,2012,2018,7,,Drama,18.0,"Ilhami Adsal,Sedef Avci,Murat Aydin,Halis Bayraktaroglu",,6.1
530,Zengin Kiz Fakir Oglan,2012,2018,7,,Adventure,17.0,"Asli Sahin,Mustafa Vuran,Murat Bölücek,Alara Keçeci",,4.7
531,Zil Calinca,2012,2018,7,,Short,12.333333333333334,"Cihan Simsek,Turhan Cihan Simsek,Elif Ceren Balikçi,Merve Hazer",,6.1
532,Iki dünya arasinda,2012,2018,7,,Drama,18.0,"Volkan Bora Dilek,Inanç Benlioglu,Meltem Dag,Basak Zebil",,3.8
533,Babalar ve Evlatlar,2012,2018,7,,Drama,18.0,"Adnan Koç,Nurhak Mine Soz,Murat Ünalmis,Ceren Hindistan",,3.3
534,Siya Mem û Zîn,2012,2013,2,,Drama,18.0,"Özlem Balci,Tuba Dogma,Yaprak Durmaz,Süleyman Karadag",,1.8
535,Ben bilmem esim bilir,2012,2018,7,,Game-Show,12.0,"Ufuk Özkan,Sule Zeybek,Demet Akalin,Pelin Akil",,3.6
536,6 Manti,2012,2013,2,,Comedy,17.0,"Nihan Balyali,Burcu Binici,Ulas Inan Inaç,Didem Inselel",,5.5
537,Last Coup: 28 February,2012,2012,1,,Documentary,10.0,,,7.6
538,Ask Kaç Beden Giyer,2012,2013,2,,Comedy,16.0,"Koray Erkök,Elçin Sangu,Cande Percem",,6.0
539,Köstebekgiller,2012,2014,3,,Animation,16.0,"Orhan Aydin,Asena Keskinci,Oguz Oktay,Inci Türkay",,3.9
540,Insanlar alemi,2012,2012,1,,Comedy,16.0,"Ali Sunal,Alper Kul,Okan Çabalar,Irem Sak",,7.2
541,Yol Ayrimi,2012,2013,2,,Drama,13.0,"Ilhami Adsal,Sevinç Gürsen Akyildiz,Kerem Alisik,Hamdi Alkan",,6.4
542,Kurt Kanunu,2012,2012,1,,Adventure,14.333333333333334,"Ümit Acar,Ali Basar,Pelin Akil,Bahar Kerimoglu",,5.6
543,20 Dakika,2013,2013,1,,Action,16.666666666666668,"Tuba Büyüküstün,Ilker Aksum,Firat Çelik,Günay Karacaoglu",,7.0
544,Intikam,2013,2014,2,,Drama,16.0,"Ceren Reis,Mert Firat,Zafer Algöz,Ezgi Eyüboglu",,5.6
545,Bizim Okul,2013,2013,1,,Comedy,16.0,"Zeki Alasya,Levent Ülgen,Cem Davran,Cezmi Baskin",,2.5
546,Merhamet,2013,2014,2,,Drama,17.0,"Özgü Namal,Ibrahim Celikkol,Burçin Terzioglu,Mustafa Üstündag",,7.2
547,Yagmurdan Kacarken,2013,2018,6,,Comedy,16.0,"Ezgi Asaroglu,Carlos Martín,Furkan Andic,Ali Ersan Duru",,4.5
548,Karagül,2013,2016,4,,Drama,18.0,"Çisem Çanci,Mesut Akusta,Hilal Altinbilek,Can Atak",,4.9
549,Beni Böyle Sev,2013,2015,3,,Comedy,16.0,"Zeynep Çamci,Fatih Koyunoglu,Zafer Algöz,Asli Bekiroglu",,7.2
550,Osmanlida Derin Devlet,2013,2018,6,,Action,16.0,"Hakan Akin,Erol Alpsoykan,Mehmet Aslan,Mehmet Atay",,6.4
551,Bir Ask Hikayesi,2013,2014,2,,Drama,18.0,"Seçkin Özdemir,Damla Sönmez,Yamaç Telli,Elçin Sangu",,7.0
552,Otisabi,2013,2018,6,,Comedy,16.0,"Tim Seyfi,Atilla Pekdemir,Gürkan Kaçar,Özgür Emre Yildirim",,7.0
553,Kahireli Palas,2013,2018,6,,Drama,16.333333333333332,"Buket Orhan,Melda Arat Mutlu,Cem Kurtoglu,Fatma Kabasakal",,2.8
554,Tatar Ramazan: Ben Bu Oyunu Bozarim,2013,2014,2,,Drama,18.0,"Erol Gedik,Sebnem Hassanisoughi,Görkem Türkes,Bülent Inal",,6.8
555,Günesi Beklerken,2013,2014,2,,Drama,18.0,"Kerem Bürsin,Hande Dogandemir,Yagmur Tanrisevsin,Ismail Ege Sasmaz",,6.8
556,Galip Dervis,2013,2014,2,,Crime,15.0,"Algi Eke,Orhan Güner,Engin Günaydin,Ersin Korkut",,7.1
557,Half Life Lambda Protocol,2013,2018,6,,Short,11.333333333333334,"Taner Tuncay,Nermin Koçak",,7.3
558,Güzel Çirkin,2013,2018,6,,Action,16.666666666666668,"Naz Elmas,Ali Sunal,Cahit Gök,Emir Bozkurt",,6.5
559,A.S.K.,2013,2013,1,,Drama,17.0,"Nebahat Çehre,Hazal Kaya,Asli Tandogan,Hakan Kurtas",,4.1
560,Çalikusu,2013,2014,2,,Drama,14.0,"Fahriye Evcen Özçivit,Burak Özçivit,Mehmet Özgür,Bengü Ergin",,7.1
561,Kayip,2013,2018,6,,Action,17.0,"Asli Enver,Nilperi Sahinkaya,Kaan Yildirim,Cankat Aydos",,6.9
562,Medcezir,2013,2015,3,,Comedy,16.666666666666668,"Çagatay Ulusoy,Serenay Sarikaya,Metin Akdülger,Baris Falay",,6.7
563,Fatih Harbiye,2013,2014,2,,Drama,17.0,"Kadir Dogulu,Neslihan Atagül,Serkan Senalp,Yunus Emre Yildirimer",,4.9
564,Ben de Özledim,2013,2014,2,,Comedy,15.0,"Ali Atay,Serkan Keskin,Osman Sonant,Ahmet Mümtaz Taylan",,8.2
565,Eski Hikaye,2013,2018,6,,Drama,18.0,"Mehmet Aykaç,Mehmet Esen,Bugra Gülsoy,Funda Eryigit",,8.1
566,Adini Kalbime Yazdim,2013,2018,6,,Drama,18.0,"Serhan Yavas,Ipek Karapinar,Tolga Güleç,Meltem Miraloglu",,5.2
567,Aramizda Kalsin,2013,2018,6,,Comedy,16.666666666666668,"Erdogan Gizem,Efsane Odag,Didem Soydan,Sevcan Yasar",,7.1
568,Sana Bir Sir Verecegim,2013,2018,6,,Drama,16.0,"Murat Han,Esra Ronabar,Ekin Koç,Demet Özdemir",,6.5
569,Sakli Kalan,2013,2018,6,,Drama,18.0,"Murat Balci,Neslihan Yeldan,Emre Yetim,Özlem Çakar",,6.1
570,Kaçak,2013,2015,3,,Action,16.333333333333332,"Gürkan Uygun,Berk Hakman,Begüm Birgören,Inanç Konukçu",,6.6
571,Askin Bedeli,2013,2018,6,,Drama,18.0,"Nehir Büyükakçay,Elit Cam,Yesim Aliç,Göktug Alpasar",,3.4
572,Inadina Yasamak,2013,2014,2,,Drama,18.0,"Pelin Akil,Burak Demir,Oktay Kaynarca,Duygu Sarisin",,3.1
573,Babam Sinifta Kaldi,2013,2018,6,,Comedy,16.0,"Defne Samyeli,Cagri Citanak,Elvin Levinler,Cem Davran",,3.6
574,Gurbette Ask,2013,2018,6,,Comedy,16.0,"Müge Boz,Cansu Demirci,Bihter Dinçel,Sina Ozer",,5.1
575,Bugünün Saraylisi,2013,2018,6,,Drama,17.0,"Begüm Akkaya,Alihan Araci,Gözde Cigaci,Gülenay Kalkan",,6.1
576,Bebek isi,2013,2018,6,,Comedy,16.0,"Timur Acar,Bora Akkas,Zafer Diper,Mete Horozoglu",,4.4
577,Altindagli,2013,2013,1,,Drama,18.0,"Hande Ataizi,Berk Atan,Basak Sayan,Safak Sezer",,4.6
578,Ali Ayse'yi Seviyor,2013,2018,6,,Comedy,16.0,"Su Kutlu,Deger Soysal,Bihter Dinçel,Yasemin Erkent",,4.7
579,Vicdan,2013,2014,2,,Drama,18.0,"Alp Akar,Yeliz Akkaya,Evrim Alasya,Firat Altunmese",,7.6
580,Doksanlar,2013,2014,2,,Comedy,16.0,"Ertugrul Aytaç Usun,Ayberk Aladar,Birol Denizci,Açelya Akkoyun",,4.8
581,Arkadasim Hosgeldin,2013,2015,3,,Comedy,16.0,"Tolga Çevik,Ezgi Mola,Özer Atik,Firat Parlak",,7.9
582,Misencan,2013,2018,6,,Comedy,16.0,"Murat Sencan,Ata Atabek,Alp Guneyman,Kaan Gure",,7.2
583,Yekta Kopan'la Cumartesi,2013,2018,6,,Talk-Show,14.0,"Yekta Kopan,Cem Yilmaz",,7.3
584,Firuze,2013,2018,6,,Drama,18.0,"Aylin Engör,Ceren Hindistan,Ceyda Ates,Firat Çelik",,5.4
585,Osmanli Tokadi,2013,2014,2,,Comedy,16.0,"Pelin Akil,Efsun Akkurt,Vildan Atasever,Mediha Aydin",,6.2
586,Kizma Kazan,2013,2014,2,,Game-Show,12.0,"Öner Erkan,Ayse Melike Çerçi,Ozan Özcan,Caner Özyurtlu",,6.4
587,Kucuk Gelin,2013,2018,6,,Drama,18.0,"Bengi Öztürk,Devrim Atmaca,Aysen Batigün,Ece Baykal",,5.2
588,Güldür Güldür Show,2013,2018,6,,Comedy,16.0,"Ali Sunal,Alper Kul,Doga Rutkay,Aylin Kontante",,6.7
589,Sevdaluk,2013,2014,2,,Comedy,16.0,"Demet Akbag,Erdem Akin,Muharrem Bayrak,Cengiz Bozkurt",,5.6
590,Ben Onu Çok Sevdim,2013,2014,2,,Drama,14.0,"Mehmet Aslantug,Idil Firat,Birce Akalay,Semsi Inkaya",,5.8
591,Zahide ile Yetis Hayata,2013,2018,6,,Family,13.666666666666666,Zahide Yetis,,5.1
592,Worldvision Song Contest,2013,2018,6,,Documentary,8.0,"Ömer Levent Dilli,Tayfun Atac,Thiago Vlentim,Ali Tuna Dilli",,7.1
593,Ekip 1: Nizama Adanmis Ruhlar,2013,2018,6,,Action,16.333333333333332,"Asli Ozmel,Sidal Damar,Orhan Biyikli,Ahmet Yenilmez",,7.2
594,Firildak Ailesi,2013,2018,6,,Animation,16.0,"Bülent Kayabas,Demet Akbag,Tülay Bursa,Keremcan Köse",,7.6
595,Benim Hala Umudum Var,2013,2014,2,,Romance,16.0,"Gizem Karaca,Sükrü Özyildiz,Berk Oktay,Burak Altay",,7.5
596,Fatih Portakal ile FOX Ana Haber,2013,2018,6,,News,15.0,Fatih Portakal,,9.1
597,Görüs Günü Kadinlari,2013,2013,1,,Drama,18.0,"Senay Gürler,Nesrin Cavadzade,Yildiz Çagri Atiksoy,Semra Dinçer",,7.8
598,Cinayet,2014,2018,5,,Crime,15.666666666666666,"Nihan Asici,Yigit Mergen,Nurgül Yesilçay,Engin Altan Düzyatan",,4.7
599,Kurt Seyit ve Sura,2014,2014,1,,Drama,14.0,"Kivanç Tatlitug,Farah Zeynep Abdullah,Caglar Ertugrul,Demet Özdemir",,6.7
600,Kara Para Ask,2014,2015,2,,Action,16.333333333333332,"Engin Akyürek,Tuba Büyüküstün,Erkan Can,Damla Colbay",,6.7
601,Kizilelma,2014,2018,5,,Action,16.0,"Faruk Acar,Pelin Akil,Vugar Aliyev,Selin Altay",,6.6
602,Extreme-G: Skydiving,2014,2018,5,,Action,16.0,"Hayko Cepkin,Sahin Sahin,Meric Alural,Beslan Babaoglu",,7.7
603,O Hayat Benim,2014,2018,5,,Drama,18.0,"Ezgi Asaroglu,Keremcem,Ceren Moray,Bahar Sahin",,5.0
604,Yasak,2014,2018,5,,Drama,17.0,"Mehmet Esen,Ezgi Eyüboglu,Biran Damla Yilmaz,Deniz Çakir",,5.7
605,Kardes Payi,2014,2015,2,,Comedy,16.333333333333332,"Ahmet Kural,Murat Cemcir,Seda Bakan,Sinasi Yurtsever",,8.6
606,Anali Ogullu,2014,2018,5,,Comedy,16.0,"Sermiyan Midyat,Melisa Sözen,Seher Devrim Yakut,Durul Bazan",,4.4
607,Niloya,2014,2018,5,,Animation,5.0,"Tarik Bayrak,Sinan Divrik,Emre Ihlamur,Merve Ihlamur",,6.8
608,Küçük Aga,2014,2015,2,,Comedy,16.666666666666668,"Birce Akalay,Sarp Levendoglu,Zeki Alasya,Emir Berke Zincidi",,3.7
609,Ruhumun Aynasi,2014,2018,5,,Comedy,17.0,"Tuba Ünsal,Filiz Ahmet,Özgürcan Cevik,Baris Yalçin",,5.8
610,Ne diyoosun,2014,2018,5,,Comedy,16.0,"Halis Bayraktaroglu,Osman Beyaz,Aysel Durmus,Boran Gökçe",,5.5
611,Hayat Yokusu,2014,2018,5,,Comedy,15.5,"Cem Davran,Eda Özdemir,Rojda Demirer,Esin Gündogdu",,2.6
612,Hatasiz Kul Olmaz,2014,2018,5,,Drama,18.0,"Burçin Abdullah,Çiçek Acar,Ipek Bagriacik,Yusa Bozkurt",,5.2
613,Kocamin Ailesi,2014,2018,5,,Comedy,16.333333333333332,"Gökhan Alkan,Aysenil Samlioglu,Erman Okay,Yesim Salkim",,4.3
614,Gullerin Savasi,2014,2018,5,,Drama,18.0,"Arif Piskin,Ayse Akin,Ipek Ozagan,Ceren Koç",,4.8
615,Kiraz Mevsimi,2014,2015,2,,Comedy,16.0,"Özge Gürel,Serkan Çayoglu,Nilperi Sahinkaya,Daghan Külegeç",,5.4
616,Güzel Köylü,2014,2018,5,,Comedy,15.5,"Gizem Karaca,Berk Cankat,Mehmet Ali Nuroglu,Esin Civangil",,5.9
617,Kaçak Gelinler,2014,2015,2,,Comedy,16.0,"Deniz Baysal,Selin Sekerci,Açelya Topaloglu,Firat Altunmese",,5.2
618,Paramparça,2014,2017,4,,Drama,18.0,"Erkan Petekkaya,Ebru Özkan,Nursel Köse,Alina Boz",,6.0
619,Reaksiyon,2014,2014,1,,Action,15.5,"Selen Soyder,Erdal Besikçioglu,Yurdaer Okur,Ismail Demirci",,6.9
620,Kaderimin Yazildigi Gün,2014,2018,5,,Drama,18.0,"Metin Çekmez,Almila Ada,Anil Altan,Nihan Balyali",,4.9
621,Gönül Isleri,2014,2018,5,,Drama,18.0,"Bennu Yildirimlar,Selma Ergeç,Sinem Kobal,Gümeç Alpay Aslan",,5.9
622,Emanet,2014,2018,5,,Drama,18.0,"Cankat Aydos,Nihan Balyali,Burak Demir,Filiz Kaya",,5.3
623,Günahkar,2014,2014,1,,Drama,18.0,"Seçkin Özdemir,Gülcan Arslan,Hazal Filiz Küçükköse,Korel Cezayirli",,7.5
624,Bana Artik Hicran De,2014,2018,5,,Drama,18.0,"Asli Enver,Alican Yücesoy,Sebnem Hassanisoughi,Nadir Saribacak",,5.7
625,Diger Yarim,2014,2018,5,,Comedy,15.5,"Cem Korkmaz,Cihat Suvarioglu,Duygu Yurukce,Ipek Tuzcuoglu",,5.6
626,Yedi güzel adam,2014,2018,5,,Biography,10.666666666666666,"Uraz Kaygilaroglu,Baran Akbulut,Yildiz Çagri Atiksoy,Mert Can Sevimli",,7.4
627,Yesil Deniz,2014,2018,5,,Comedy,17.0,"Mert Turak,Ali Barkin,Elvan Disli,Ceyhun Tutal",,7.5
628,RGG Ayas,2014,2018,5,,Animation,5.0,"Ege Sezer,Ömer Faruk Biçer,Arda Beyaztas,Mehmet Duran",,4.7
629,Kel Alaka,2014,2018,5,,Comedy,15.0,Atalay Demirci,,5.5
630,Seref Meselesi,2014,2015,2,,Drama,17.0,"Kerem Bürsin,Sükrü Özyildiz,Sükran Ovali,Burcu Biricik",,6.9
631,Dirilis: Ertugrul,2014,2018,5,,Action,17.0,"Engin Altan Düzyatan,Hülya Darcan,Cengiz Coskun,Nurettin Sönmez",,7.2
632,Filinta,2014,2016,3,,History,8.0,"Cem Uçan,Onur Tuna,Kamil Güler,Hakan Yufkacigil",,6.6
633,Asktan Kaçilmaz,2014,2018,5,,Drama,18.0,"Pelin Akil,Erhan Alpay,Özgür Avsar,Metin Belgin",,6.3
634,Dada Dandinista,2014,2018,5,,Talk-Show,14.0,"Okan Bayülgen,Engin Hepileri,Elena Viunova,Burak Satibol",,6.0
635,Elif,2014,2018,5,,Drama,17.0,"Emre Kivilcim,Ekrem Erdinç,Gülçin Tunçok,Ozanay Alpkan",,3.0
636,Vahyin Izinde,2014,2018,5,,Drama,18.0,"Alpay Aksum,Zafer Altun,Emre Avsar,Yasar Aydinlioglu",,8.6
637,Ulan Istanbul,2014,2015,2,,Comedy,15.5,"Erkan Kolçak Köstendil,Sebnem Bozoklu,Kaan Yildirim,Salih Bademci",,7.3
638,Ah Neriman,2014,2018,5,,Comedy,16.0,"Sezin Akbasogullari,Ruzgar Aksoy,Gül Arici,Zeynep Tugçe Bayat",,7.8
639,Hayat Agaci,2014,2018,5,,Drama,18.0,"Fikret Kuskan,Idil Firat,Onur Saylak,Özge Özberk",,5.7
640,Benim Adim Gultepe,2014,2015,2,,Drama,18.0,"Selen Öztürk,Miray Akay,Numan Çakir,Ilayda Alisan",,7.7
641,Not Defteri,2014,2018,5,,Drama,18.0,"Ali Karagöz,Beste Kökdemir,Gözde Mutluer,Merve Oflaz",,6.8
642,Kertenkele,2014,2016,3,,Comedy,15.5,"Buse Arslan,Basak Demiral,Cansu Gultekin,Hüseyin Güler",,3.2
643,Zeytin Tepesi,2014,2018,5,,Drama,18.0,"Ümit Acar,Sezgi Sena Akay,Nesem Akhan,Özlem Akinözü",,3.4
644,Sungurlar,2014,2015,2,,Action,16.0,"Mert Kiliç,Mehmet Küçük,Dilara Büyükbayraktar,Merve Anlagan",,5.5
645,Hayat Yolunda,2014,2015,2,,Drama,18.0,"Mehmet Baran Erdogan,Nur Fettahoglu,Ediz Hun,Leyla Kader Ilhan",,6.8
646,Maysa ve Bulut,2014,2016,3,,Animation,5.0,,,7.0
647,Yilanlarin Öcü,2014,2015,2,,Drama,18.0,"Mehmet Atay,Ceyda Ates,Burak Can,Gözde Cigaci",,4.8
648,Can't Run from Love,2014,2014,1,,Drama,18.0,,,7.7
649,Askin Kanunu,2014,2015,2,,Comedy,16.0,"Aysenur Yazicioglu,Gözde Mutluer,Yagiz Kilinc,Kerem Atabeyoglu",,5.8
650,Beyaz Karanfil,2014,2014,1,,Action,16.333333333333332,"Hakan Boyav,Kenan Çoban,Ali Sürmeli,Caglar Ertugrul",,7.3
651,Boynu Bükükler,2014,2014,1,,Comedy,16.0,"Ahmet Saraçoglu,Anil Altan,Gün Koper,Caglar Ertugrul",,6.9
652,1 Erkek 1 Kadin 2 Cocuk,2014,2015,2,,Comedy,16.0,"Demet Evgar,Emre Karayel",,7.9
653,Ütopya Türkiye,2014,2015,2,,Reality-TV,12.0,"Demet Akalin,Serdar Gökay Akduman,Tugçe Aksoylu,Meral Avci",,5.7
654,Para Bende,2014,2017,4,,Game-Show,12.0,"Almeda Abazi,Murat Ceylan,Yunus Günçe,Zafer Mete",,5.5
655,Bes Kardes,2015,2015,1,,Comedy,16.333333333333332,"Serkan Keskin,Osman Sonant,Tansu Biçer,Nadir Saribacak",,8.4
656,Bedel,2015,2018,4,,Drama,18.0,"Sedef Avci,Necip Memili,Berk Erçer,Gonca Sariyildiz",,3.8
657,Poyraz Karayel,2015,2017,3,,Action,17.0,"Ilker Kaleli,Burçin Terzioglu,Musa Uzunlar,Ali Il",,8.4
658,Racon,2015,2018,4,,Drama,18.0,"Mehmet Aslantug,Hande Dogandemir,Seçkin Özdemir,Sezin Akbasogullari",,6.5
659,Persian Tech Pack,2015,2018,4,,Reality-TV,12.0,Farid Khalifi,,7.3
660,Ayrilsak da Beraberiz,2015,2018,4,,Comedy,16.0,"Hatice Aslan,Adem Yilmaz,Mete Horozoglu,Algi Eke",,2.6
661,Yabanci: Hayati Kesfet,2015,2018,4,,Documentary,10.0,,,7.6
662,Maral: En güzel Hikayem,2015,2015,1,,Drama,18.0,"Aras Bulut Iynemli,Hazal Kaya,Reha Özcan,Ceyda Düvenci",,5.5
663,Nöropsikoloji,2015,2018,4,,Documentary,14.0,"Samuray Polat Uncumusaoglu,Mazlum Kiper",,7.1
664,Safiye'den Sofia'ya Calinan Kimlikler,2015,2018,4,,Drama,18.0,,,6.4
665,Milat,2015,2015,1,,Action,16.0,"Ismail Hakki,Ufuk Bayraktar,Burcu Kara,Mustafa Ugurlu",,6.5
666,Kara Kutu,2015,2018,4,,Crime,16.5,"Gökhan Azlag,Sadi Celil Cengiz,Fulya Ergünes,Leyla Giraud",,4.4
667,Ask Zamani,2015,2015,1,,Comedy,16.0,"Yavuz Bingöl,Deniz Ugur,Ali Ersan Duru,Bekir Aksoy",,3.8
668,Muhtesem Yüzyil: Kösem,2015,2017,3,,Drama,14.0,"Hakan Sahin,Aslihan Gürbüz,Nadir Saribacak,Mete Horozoglu",,6.2
669,Kiralik Ask,2015,2017,3,,Comedy,16.0,"Elçin Sangu,Baris Arduç,Salih Bademci,Nergis Kumbasar",,6.8
670,Yunus Emre,2015,2018,4,,Biography,7.0,"Gökhan Atalay,Payidar Tüfekçioglu,Baran Akbulut,Mehmet Çepiç",,7.2
671,Yaz'in Öyküsü,2015,2018,4,,Drama,18.0,"Tulin Yazkan,Elit Cam,Kubra Suzgun,Vildan Atasever",,4.7
672,Adi Mutluluk,2015,2018,4,,Comedy,16.666666666666668,"Dilara Aksüyek,Serkan Tinmaz,Kaan Yildirim,Ezgi Eyüboglu",,4.8
673,Acil Ask Araniyor,2015,2015,1,,Comedy,16.0,"Serenay Aktas,Mehmet Celik,Coraline Chapatte,Deniz Erayvaz",,5.0
674,Iliski Durumu: Karisik,2015,2016,2,,Comedy,16.0,"Berk Oktay,Seren Sirince,Gülden Avsaroglu,Nurseli Idiz",,5.4
675,Bi Dünya Sov,2015,2018,4,,Comedy,16.0,"Hakan Hepcan,Marie Hartlieb,Salih Zafer Kunt,Mustafa Devrim Özdinç",,5.1
676,Inadina Ask,2015,2016,2,,Comedy,16.0,"Açelya Topaloglu,Can Yaman,Nilay Duru,Eren Vurdem",,5.7
677,Çilek Kokusu,2015,2015,1,,Romance,16.0,"Leyla Uner Ermaya,Kubilay Penbeklioglu,Mahir Günsiray,Murat Basoglu",,5.2
678,Tatli Küçük Yalancilar,2015,2015,1,,Drama,16.0,"Dilan Çiçek Deniz,Büsra Develi,Beste Kökdemir,Melisa Senolsun",,5.6
679,Sen Benimsin,2015,2018,4,,Drama,18.0,"Gökhan Keser,Ruveyda Öksuz,Güven Hokna,Burak Sergen",,3.9
680,Günesin Kizlari,2015,2016,2,,Comedy,16.666666666666668,"Emre Kinay,Evrim Alasya,Tolga Saritas,Burcu Özberk",,5.7
681,Kara Sevda,2015,2017,3,,Drama,17.0,"Burak Özçivit,Neslihan Atagül,Kaan Urgancioglu,Orhan Güner",,6.0
682,Hatirla Gönül,2015,2018,4,,Drama,18.0,"Gökçe Bahadir,Berrin Seker Civil,Suleyman Felek,Lila Gürmen",,6.6
683,Evli ve Öfkeli,2015,2018,4,,Comedy,16.666666666666668,"Birce Akalay,Sarp Akkaya,Ebru Cündübeyoglu,Ayça Erturan",,7.1
684,Eskiya Dünyaya Hükümdar Olmaz,2015,2018,4,,Action,16.333333333333332,"Oktay Kaynarca,Ozan Akbaba,Sabina Ajrula,Yunus Emre Yildirimer",,7.1
685,Analar ve Anneler,2015,2015,1,,Drama,18.0,"Sinem Kobal,Hazar Ergüçlü,Okan Yalabik,Metin Akdülger",,5.8
686,Kirgin Çiçekler,2015,2018,4,,Drama,18.0,"Arif Diren,Gökçe Akyildiz,Mehmet Aykaç,Veda Yurtsever Ipek",,6.2
687,Ibi,2015,2018,4,,Animation,16.5,"Hakan Bozbey,Elif Küçük,Alp Pazarli,Akif Yardimci",,6.5
688,Aydamaya,2015,2018,4,,Adventure,15.333333333333334,"Burak Kimyager,Meryem Sengül,Kayra Aleyna Zabçi,Tolga Öz",,4.9
689,Baba Candir,2015,2017,3,,Comedy,16.333333333333332,"Mehdi Adlin,Erol Aksoy,Mehmet Celik,Cansu Diktas",,7.6
690,Hayat Mucizelere Gebe,2015,2016,2,,Comedy,16.666666666666668,"Hande Ataizi,Damla Colbay,Isil Yücesoy,Yigit Dikmen",,5.2
691,Mayis Kraliçesi,2015,2018,4,,Drama,18.0,"Kubra Suzgun,Yagmur Tanrisevsin,Samet Sirmali,Ahmet Olgun Sunaer",,5.6
692,Aci Ask,2015,2016,2,,Drama,18.0,"Alperen Duymaz,Seçkin Özdemir,Sezgi Sena Akay,Selin Sekerci",,5.5
693,Asla Vazgeçmem,2015,2018,4,,Drama,18.0,"Hakan Dinçkol,Gözde Mutluer,Amine Gulse,Safak Pekdemir",,5.8
694,Ask Yeniden,2015,2016,2,,Comedy,16.0,"Özge Özpirinçci,Bugra Gülsoy,Tamer Levent,Tülin Oral",,7.2
695,Pelin Çift ile Gündem Ötesi,2015,2018,4,,Talk-Show,14.0,Pelin Cift,,7.9
696,Çizgi Roman Yolculugu,2015,2018,4,,Documentary,10.0,"Emrah Ablak,Levent Cantek,Bülent Üstün,Yekta Kopan",,7.0
697,Yeter,2015,2018,4,,Drama,18.0,"Wilma Elles,Pelin Karahan,Yurdaer Okur,Hande Özen",,6.8
698,Eve Dönüs,2015,2016,2,,Crime,16.333333333333332,"Burak Demir,Baris Akkoyun,Dilsad Çelebi,Cansel Elcin",,6.5
699,Kara Ekmek,2015,2016,2,,Crime,16.5,"Özlem Yilmaz,Engin Hepileri,Ushan Çakir,Gülçin Santircioglu",,7.5
700,Cengiz Özdemir & Ozan Sagsöz ile kültür & tarih sohbetleri,2015,2018,4,,History,11.0,"Cengiz Özdemir,Ozan Sagsöz",,8.0
701,Kalbim Ege'de Kaldi,2015,2015,1,,Comedy,16.0,"Eren Hacisalihoglu,Alper Saldiran,Celile Toyon Uysal,Oya Unustasi",,6.5
702,Beyaz Yalan,2015,2015,1,,Drama,17.0,"Kutsi,Deniz Baysal,Ebru Aykaç,Ege Aydan",,7.4
703,Buyur Burdan Bak,2015,2016,2,,Comedy,16.0,"Dogan Akdogan,Giray Altinok,Özgün Bayraktar,Alper Baytekin",,8.0
704,Survivor All Star,2015,2015,1,,Reality-TV,12.0,"Merve Aydin,Acun Ilicali,Turabi Çamkiran,Almeda Abazi",,5.3
705,Ne Münasebet,2015,2015,1,,Comedy,16.0,"Sarp Levendoglu,Pelin Akil,Ulas Torun,Bengi Idil Uras",,7.6
706,Hayat Sarkisi,2016,2018,3,,Drama,16.333333333333332,"Tayanç Ayaydin,Ecem Özkaya,Seray Gözler,Ahmet Mümtaz Taylan",,7.1
707,Gecenin Kraliçesi,2016,2016,1,,Action,16.666666666666668,"Seda Akman,Selim Bayraktar,Nihan Büyükagaç,Deniz Celiloglu",,6.1
708,Göç Zamani,2016,2018,3,,Drama,18.0,"Elif Ceren Balikçi,Ülkü Hilal Çiftçi,Bige Önal,Zeynep Elçin",,3.8
709,Kördügüm,2016,2018,3,,Drama,18.0,"Aybars Kartal Özson,Ibrahim Celikkol,Alican Yücesoy,Rojda Demirer",,6.5
710,Ölümün gözleri,2016,2018,3,,Horror,10.0,"Emre Akça,Istephan Hakverdi,Kaan Tüfekçiyasar,Gülce Baydar",,6.2
711,Görevimiz komedi,2016,2018,3,,Comedy,16.0,"Rasim Öztekin,Asuman Dabak,Burak Satibol,Zeynep Kankonde",,4.3
712,Tatli intikam,2016,2016,1,,Comedy,16.0,"Zeynep Anacan,Furkan Andic,Kerem Atabeyoglu,Elif Cakman",,6.1
713,46 Yok Olan,2016,2016,1,,Action,16.333333333333332,"Erdal Besikçioglu,Yasemin Kay Allen,Melis Birkan,Saygin Soysal",,8.5
714,Hayatimin Aski,2016,2016,1,,Comedy,16.0,"Ilker Aksum,Zafer Algöz,Hilal Altinbilek,Murat Cemcir",,4.8
715,Ask Laftan Anlamaz,2016,2017,2,,Comedy,16.0,"Hande Erçel,Burak Deniz,Özcan Tekdemir,Merve Çagiran",,7.3
716,Kehribar,2016,2016,1,,Action,17.0,"Ayça Varlier,Necip Memili,Özge Özder,Aslihan Güner",,6.6
717,Müdür Ne'aptin?,2016,2016,1,,Comedy,16.0,"Tolga Çevik,Özer Atik,Firat Parlak,Nil Karaibrahimgil",,7.0
718,Hayat Sevince Güzel,2016,2018,3,,Comedy,16.0,"Öykü Celik,Ugur Çavusoglu,Ekin Mert Daymaz,Damla Aslanalp",,6.7
719,Yüksek Sosyete,2016,2016,1,,Romance,16.0,"Engin Öztürk,Hazar Ergüçlü,Ozan Dolunay,Meric Aral",,5.4
720,No: 309,2016,2017,2,,Comedy,16.0,"Demet Özdemir,Furkan Palali,Sumru Yavrucuk,Gökçe Özyol",,3.5
721,Rüzgarin Kalbi,2016,2018,3,,Drama,17.0,"Burak Serdar Sanal,Deniz Baysal,Cezmi Baskin,Ahmet Saraçoglu",,5.8
722,Bana Sevmeyi Anlat,2016,2017,2,,Drama,17.0,"Kadir Dogulu,Seda Bakan,Mustafa Üstündag,Dolunay Soysert",,6.3
723,Bodrum Masali,2016,2017,2,,Drama,18.0,"Timuçin Esen,Sevval Sam,Dilan Çiçek Deniz,Alperen Duymaz",,6.1
724,Arkadaslar Iyidir,2016,2018,3,,Drama,18.0,"Cankat Aydos,Didem Inselel,Hayal Köseoglu,Ülkü Hilal Çiftçi",,5.8
725,Içerde,2016,2017,2,,Action,16.333333333333332,"Çagatay Ulusoy,Aras Bulut Iynemli,Çetin Tekindor,Nihal G. Koldas",,7.4
726,N'olur Ayrilalim,2016,2018,3,,Romance,16.0,"Aras Aydin,Nilay Duru,Osman Karakoç,Nilperi Sahinkaya",,4.6
727,Adini sen koy,2016,2018,3,,Drama,17.0,"Hazal Subasi,Erkan Meriç,Yaprak Durmaz,Aykut Igdeli",,4.7
728,Familya,2016,2016,1,,Comedy,16.333333333333332,"Enis Arikan,Sezer Avci,Ipek Ayaz,Murat Ceylan",,6.2
729,Vatanim Sensin,2016,2018,3,,Drama,14.0,"Halit Ergenç,Bergüzar Korel,Boran Kuzum,Pinar Deniz",,7.9
730,Anne,2016,2017,2,,Drama,18.0,"Beren Gokyildiz,Cansu Dere,Vahide Perçin,Gonca Vuslateri",,6.8
731,Hayat Bazen Tatlidir,2016,2018,3,,Comedy,16.0,"Birce Akalay,Kanbolat Gorkem Arslan,Ufuk Özkan,Deniz Can Aktas",,5.6
732,Seytan ile imtihan,2016,2018,3,,Documentary,11.666666666666666,"Rabia Arslan,Kader Çabuk,Hatice Kirik",,4.7
733,Yüzyillik Mühür,2016,2018,3,,Biography,10.666666666666666,"Ali Akdal,Emir Benderlioglu,Nesrin Cavadzade,Serkan Kuru",,6.4
734,Cesur Ve Güzel,2016,2017,2,,Romance,16.0,"Kivanç Tatlitug,Tuba Büyüküstün,Serkan Altunorak,Erkan Avci",,6.4
735,Sanayi Savaslari,2016,2018,3,,Reality-TV,12.0,,,6.6
736,Babam ve Ailesi,2016,2018,3,,Drama,18.0,"Sercan Badur,Sezin Bozaci,Eva Dedova,Doga Zeynep Doguslu",,5.9
737,Hangimiz sevmedik?,2016,2017,2,,Drama,18.0,"Tuba Erdem,Yeliz Kuvanci,Selen Soyder,Can Yaman",,6.5
738,Seviyor Sevmiyor,2016,2018,3,,Comedy,16.666666666666668,"Zeynep Çamci,Gökhan Alkan,Dilara Akin Yazici,Su Kutlu",,6.2
739,Ask Ve Mavi,2016,2018,3,,Drama,18.0,"Emine Erdem,Emrah,Burcu Kiratli,Isil Yücesoy",,4.6
740,Kalbimdeki Deniz,2016,2018,3,,Drama,18.0,"Deniz Gökçer,Beyza Kesebir,Özge Özberk,Kutsi",,4.3
741,Sevda Kusun Kanadinda,2016,2017,2,,Drama,18.0,"Melahat Abbasova,Kadir Agirçelik,Latif Akgedik,Faruk Akgören",,6.0
742,Cesur yürek,2016,2018,3,,Action,16.666666666666668,"Kenan Acar,Riza Akin,Cem Aksakal,Hamdi Alp",,7.0
743,Sifir Bir,2016,2018,3,,Action,16.333333333333332,"Savas Satis,Cihangir Ceyhan,Özgür Meric,Burak Sahin",,8.2
744,Umuda Kelepce Vurulmaz,2016,2017,2,,Drama,18.0,"Begüm Birgören,Özge Özder,Mehdi Adlin,Cemal Elçin Akar",,7.7
745,Kacin Kurasi,2016,2016,1,,Comedy,16.0,"Burcu Altin,Ahmet Selçuk Bay,Sebnem Dogruer,Köksal Engür",,7.1
746,Kis Günesi,2016,2016,1,,Drama,18.0,"Sükrü Özyildiz,Asli Enver,Basak Parlak,Nesrin Cavadzade",,7.3
747,Kertenkele Yeniden Dogus,2016,2016,1,,Action,16.0,Yazmeen Baker,,5.8
748,Oyunbozan,2016,2016,1,,Drama,17.0,"Ilayda Akdogan,Kenan Bal,Ahmet Dizdaroglu,Ozan Dolunay",,7.4
749,Istanbul Sokaklari,2016,2016,1,,Action,17.0,"M. Sitare Akbas,Derya Alabora,Berkay Ates,Caner Cindoruk",,5.9
750,Gülümse Yeter,2016,2017,2,,Comedy,16.0,"Serenay Aktas,Asli Altaylar,Baris Aytac,Asli Bekiroglu",,6.9
751,Ask Yalani Sever,2016,2016,1,,Comedy,17.0,"Yesim Gül Aksar,Oktay Alkan,Buse Arslan,Ibrahim Aslan",,6.8
752,Göz6,2016,2017,2,,Reality-TV,12.0,"Gizem Akdag,Yasemin Aydan,Nesil Dinçelmas,Zeyd Gümüstutan",,6.3
753,Güldüy Güldüy Show Çocuk,2016,2018,3,,Comedy,16.0,"Ezo Sunal,Alp Akar,Berat Efe Parlar,Esat Polat Güler",,2.3
754,Shopping Star,2016,2018,3,,Game-Show,12.0,"Vicky Kaya,Gogo Garifallou,Vangelis Harisopoulos",,5.0
755,Bu Sehir Arkandan Gelecek,2017,2017,1,,Drama,18.0,"Kerem Bürsin,Gürkan Uygun,Leyla Lydia Tugutlu,Osman Alkas",,6.0
756,Son destan,2017,2018,2,,Drama,13.0,"Bülent Inal,Sedef Avci,Selçuk Yöntem,Fatih Artman",,6.4
757,Ölene Kadar,2017,2017,1,,Drama,18.0,"Engin Akyürek,Fahriye Evcen Özçivit,Gülcan Arslan,Sarp Levendoglu",,7.2
758,Yildizlar Sahidim,2017,2018,2,,Musical,16.0,"Berk Cankat,Özge Gürel,Canan Erguder,Mesut Akusta",,6.1
759,The Cheat,2017,2018,2,,Action,15.333333333333334,"Taha Ulukaya,Andac Ulukaya,Taner Sahin,Neslihan Ulusoy",,9.3
760,Istanbullu Gelin,2017,2018,2,,Comedy,16.666666666666668,"Özcan Deniz,Asli Enver,Ipek Bilgin,Salih Bademci",,7.1
761,Payitaht Abdülhamid,2017,2018,2,,Action,14.0,"Bülent Inal,Hakan Boyav,Özlem Conker,Selen Öztürk",,5.0
762,Adi Efsane,2017,2017,1,,Drama,15.0,"Erdal Besikçioglu,Gökçe Bahadir,Rojda Demirer,Reha Özcan",,6.3
763,Sahipli,2017,2018,2,,Horror,13.0,"Sebahat Adalar,Baran Akbulut,Elif Baysal,Nevin Efe",,8.1
764,Lise devriyesi,2017,2018,2,,Comedy,15.5,"Dogan Akdogan,Ebru Akel,Gökhan Atalay,Gamze Süner Atay",,7.3
765,Evlat Kokusu,2017,2018,2,,Drama,18.0,"Hande Soral,Alihan Türkdemir,Dilan Telkok,Baris Kiliç",,6.1
766,Fi,2017,2018,2,,Drama,17.0,"Ozan Güven,Serenay Sarikaya,Mehmet Günsür,Berrak Tüzünataç",,8.1
767,Fazilet Hanim ve Kizlari,2017,2018,2,,Drama,18.0,"Nazan Kesal,Deniz Baysal,Caglar Ertugrul,Mahir Günsiray",,7.1
768,Kara Yazi,2017,2018,2,,Drama,18.0,"Sedef Akalin,Fatih Altinagac,Haluk Bilginer,Su Burcu Coskun",,6.7
769,Savasci (Warrior),2017,2018,2,,Action,16.666666666666668,"Berk Oktay,Murat Serezli,Burç Kümbetlioglu,Dogan Bayraktar",,6.2
770,Söz,2017,2018,2,,Action,16.666666666666668,"Tolga Saritas,Meric Aral,Nihat Altinkaya,Burak Sevinç",,7.0
771,Sevkat Yerimdar,2017,2018,2,,Comedy,16.0,"Özgürcan Cevik,Basak Parlak,Salih Kalyon,Burak Demir",,5.8
772,Turk Mali,2017,2018,2,,Comedy,15.0,"Safak Sezer,Hasibe Eren,Anil Ilter,Burcu Binici",,2.8
773,Iki Yalanci,2017,2018,2,,Comedy,16.0,"Keremcem,Yagmur Tanrisevsin,Koray Erkök,Hazal Senel",,5.5
774,AVM Sakini,2017,2018,2,,Comedy,16.0,"Cigdem Atasoyu,Ceyda Sener Baykal,Aylin Dinc,Fikret Durak",,5.9
775,Deli gönül,2017,2018,2,,Drama,18.0,"Ibrahim Eren Kilisli,Mutlu Ulusoy,Dilhan Naz Özgülüs,Tuvana Türkay",,5.7
776,Dayan Yuregim,2017,2017,1,,Drama,18.0,"Ece Uslu,Cansel Elcin,Nilay Deniz,Berk Atan",,5.8
777,Dolunay,2017,2017,1,,Comedy,16.0,"Özge Gürel,Can Yaman,Hakan Kurtas,Necip Memili",,7.4
778,Kalp Atisi,2017,2018,2,,Drama,17.0,"Gökhan Alkan,Öykü Karayel,Burcu Türünz,Basar Dogusoy",,6.7
779,Çember,2017,2017,1,,Action,16.333333333333332,"Baris Bagci,Pelin Akil,Anil Altan,Serhat Mustafa Kiliç",,7.3
780,Rüya,2017,2018,2,,Family,15.5,"Hazal Filiz Küçükköse,Ceyhun Mergiroglu,Ulas Tuna Astepe,Özge Özder",,6.0
781,Badem sekeri,2017,2018,2,,Comedy,16.0,"Hayati Akbas,Burcu Altin,Mehmet Atay,Alper Saldiran",,5.8
782,Atesböcegi,2017,2017,1,,Comedy,16.0,"Seçkin Özdemir,Nilay Deniz,Seda Güven,Durul Bazan",,7.2
783,Meryem,2017,2018,2,,Drama,18.0,"Cemre Polat,Gürol Salman,Furkan Andic,Ayça Aysin Turan",,6.6
784,Kanatsiz Kuslar,2017,2018,2,,Drama,18.0,"Melis Tüzüngüç,Umit Kantarcilar,Ahmet Varli,Deniz Bolisik",,5.5
785,Bizim Hikaye,2017,2018,2,,Comedy,16.666666666666668,"Hazal Kaya,Burak Deniz,Nesrin Cavadzade,Reha Özcan",,6.6
786,Bu Sayilmaz,2017,2017,1,,Comedy,16.0,"Binnur Kaya,Settar Tanriögen,Mustafa Üstündag,Nergis Öztürk",,5.0
787,Isimsizler,2017,2017,1,,Action,17.0,"Ilkay Akdagli,Bülent Alkis,Cagkan Culha,Algi Eke",,6.0
788,Klavye Delikanlilari,2017,2017,1,,Comedy,16.0,"Rasim Öztekin,Vildan Atasever,Kaan Yildirim,Uraz Kaygilaroglu",,7.3
789,Dostlar Duragi,2017,2017,1,,Comedy,15.5,"Alisan,Çagla Sikel,Hande Katipoglu,Ulas Torun",,1.2
790,Yalaza,2017,2018,2,,Comedy,15.5,"Sinan Albayrak,Özkan Ayalp,Batuhan Aydar,Didem Balçin",,6.2
791,Kayitdisi,2017,2017,1,,Drama,18.0,"Erkan Petekkaya,Songül Öden,Dolunay Soysert,Ugur Polat",,6.8
792,Çukur,2017,2018,2,,Action,15.666666666666666,"Aras Bulut Iynemli,Dilan Çiçek Deniz,Ercan Kesal,Perihan Savas",,8.3
793,Barut,2017,2018,2,,Action,14.666666666666666,"Burak Sekmen,Bahadir Oz,Mehmet Arif Bulak,Beste Yilmazer",,7.7
794,Ufak Tefek Cinayetler,2017,2018,2,,Action,16.333333333333332,"Gökçe Bahadir,Aslihan Gürbüz,Yildiray Sahinler,Mert Firat",,7.8
795,Aslan ailem,2017,2018,2,,Comedy,15.5,"Burcu Özberk,Akin Akinözü,Bora Akkas,Firat Altunmese",,7.8
796,Black and White Love,2017,2018,2,,Action,16.666666666666668,"Birce Akalay,Muhammet Uzuner,Ibrahim Celikkol,Cahit Gök",,8.7
797,Yeni Gelin,2017,2018,2,,Adventure,16.333333333333332,"Feride Hilal Akin,Mustafa Avkiran,Lale Basar,Burçin Bildik",,6.3
798,Hayat Sirlari,2017,2018,2,,Drama,18.0,"Ahmet Mümtaz Taylan,Ekin Koç,Hazar Ergüçlü,Seher Devrim Yakut",,7.5
799,Siyah Inci,2017,2018,2,,Drama,18.0,"Tolgahan Sayisman,Hande Erçel,Berk Hakman,Hüseyin Avni Danyal",,5.8
800,Kalk gidelim,2017,2018,2,,Comedy,15.5,"Ufuk Özkan,Erkan Sever,Ayça Varlier,Mehtap Bayri",,7.2
801,Kadin,2017,2018,2,,Drama,18.0,"Özge Özpirinçci,Caner Cindoruk,Bennu Yildirimlar,Seray Kaya",,7.7
802,P!NÇ,2017,2018,2,,Comedy,15.0,"Oguzhan Ugur,Berk Uçar,Turan Oguzhan,Ezgi Ünal",,7.1
803,Kizlarim için,2017,2018,2,,Drama,18.0,"Gözde Mukavelat,Emir Çiçek,Ülkü Duru,Ahsen Eroglu",,7.4
804,Babamin Günahlari,2017,2018,2,,Drama,18.0,"Müjde Uzman,Mehdi Adlin,Kadir Dogulu,Melisa Sözen",,7.4
805,Cennet'in Gözyaslari,2017,2018,2,,Drama,18.0,"Çiçek Acar,Almila Ada,Yusuf Akgün,Berk Atan",,7.2
806,Bahtiyar Ölmez,2017,2018,2,,Comedy,16.0,"Yetkin Dikinciler,Hande Subasi,Güven Hokna,Serkan Kuru",,7.8
807,Petman: Internet Series,2017,2018,2,,Action,17.0,"Berkay Dabakoglu,Cem Ertunc,Berke Odaci,Ergin Ulunay",,6.9
808,Cocuklar Duymasin,2017,2018,2,,Comedy,15.5,"Pinar Altug,Serkan Balbal,Zeyno Günenç,Öykü Güven",,4.1
809,Tolgshow,2017,2018,2,,Comedy,15.0,"Tolga Çevik,Firat Parlak,Özer Atik,Sarp Bozkurt",,8.1
810,Kaos Ortadogu,2017,2018,2,,Action,16.0,"Gökhan Akgül,Serhat Buga,Mesut Cobanbasi,Tuncay Koca",,8.0
811,Tutsak,2017,2017,1,,Drama,18.0,"Yagmur Özbasmaci Mermer,Günes Emir,Seray Gözler,Mehmet Gürhan",,6.4
812,Boxun Yildizlari,2017,2017,1,,Reality-TV,12.0,"Asena,Berna Canbeldek,Bilgehan Demir,Aycan Demirci",,6.2
813,Hayati ve Digerleri,2017,2018,2,,Comedy,16.0,"Cankat Aydos,Cansu Dagdelen,Bahtiyar Engin,Feri Baycu Güler",,2.5
814,Ask ve Gurur,2017,2017,1,,Drama,18.0,"Ayris Alptekin,Mert Firat,Suna Sancaktar,Damla Sönmez",,7.0
815,Yakin Plan Cihan Harbi,2017,2018,2,,History,8.0,"Emre Yesiloz,Feyza Özgür,Mustafa Mesut Baskir,Yavuz Selim Osmanoglu",,8.6
816,Ver Elini ASk,2017,2017,1,,Comedy,16.0,"Sevda Erginci,Ali Il,Gülsün Sare Fil,Köksal Engür",,8.4
817,Bir Deli Sevda,2017,2017,1,,Drama,17.0,"Erkan Kolçak Köstendil,Cansu Tosun,Erdinç Gülener,Erkan Can",,7.4
818,Fatih,2018,2018,1,,Action,13.333333333333334,"Kenan Imirzalioglu,Çetin Tekindor,Gürkan Uygun,Büsra Develi",,7.2
819,Mehmetçik Kut'ül Amare,2018,2018,1,,Action,13.666666666666666,"Ilker Aksum,Ismail Ege Sasmaz,Özgü Kaya,Serdar Gökhan",,6.9
820,The Protector,2018,2018,1,,Action,14.0,"Çagatay Ulusoy,Ayça Aysin Turan,Hazar Ergüçlü,Okan Yalabik",,7.8
821,Gülizar,2018,2018,1,,Drama,18.0,"Farah Zeynep Abdullah,Osman Alkas,Berkay Ates,Berk Cankat",,6.1
822,Adi: Zehra,2018,2018,1,,Drama,18.0,"Ali Meriç,Günes Hayat,Zeynep Çamci,Alican Yücesoy",,5.5
823,Avlu,2018,2018,1,,Crime,16.5,"Demet Evgar,Ceren Moray,Nursel Köse,Kenan Ece",,7.9
824,Dudullu Postasi,2018,2018,1,,Comedy,15.0,"Güven Kiraç,Hazar Ergüçlü,Taner Ölmez,Bülent Sakrak",,6.4
825,Sen Anlat Karadeniz,2018,2018,1,,Drama,18.0,"Sinan Tuzcu,Ulas Tuna Astepe,Irem Helvacioglu,Mehmet Ali Nuroglu",,7.0
826,Çukurdere,2018,2018,1,,Drama,17.0,"Furkan Palali,Su Kutlu,Cihan Ünal,Ahu Sungur",,6.4
827,Jet Sosyete,2018,2018,1,,Comedy,15.5,"Gülse Birsel,Sarp Apak,Çaglar Çorumlu,Derya Karadas",,7.0
828,Yuvamdaki Dusman,2018,2018,1,,Drama,18.0,"Riza Akin,Hakan Dinçkol,Derya Kahraman,Sultan Köroglu Kiliç",,5.0
829,Survivor 2018,2018,2018,1,,Reality-TV,12.0,"Anil Berk Baki,Hilmicem Intepe,Nagihan Karadere,Adem Kilicci",,5.0
830,Bir zamanlar Çukurova,2018,2018,1,,Drama,18.0,"Vahide Perçin,Hilal Altinbilek,Murat Ünalmis,Ugur Günes",,6.7
831,Nefes Nefese,2018,2018,1,,Action,16.0,"Sükrü Özyildiz,Melisa Senolsun,Ugur Yücel,Ezgi Senler",,6.9
832,Hiçkirik,2018,2018,1,,Drama,17.0,"Sezgi Sena Akay,Özge Akdeniz,Kübra Akin,Emre Ataman",,5.9
833,Altin Tepsi,2018,2018,1,,Drama,17.0,"Talat Bulut,Eda Ece,Sevval Sam,Sevda Erginci",,5.5
834,Yasamayanlar,2018,2018,1,,Drama,16.0,"Elçin Sangu,Kerem Bürsin,Birkan Sokullu,Selma Ergeç",,6.6
835,Semt Bizim Ev Kira,2018,2018,1,,Action,16.0,"Haydar Biçakci,Emre Bolat,Hasan Ekinci,Turgut Eryilmaz",,5.8
836,Talibi Irsadi,2018,2018,1,,Biography,7.0,"Rifat Kanpara,Ahmet Avni Yilmaz,Mahmut Kotan,Ahmet Akyol",,8.4
837,Kalbimin Sultani,2018,2018,1,,Comedy,14.0,"Ali Ersan Duru,Aleksandra Nikiforova,Emel Çölgeçen,Tansel Öngel",,7.1
838,Gelinim Mutfakta,2018,2018,1,,Game-Show,12.0,"Fatih Ürek,Ezgi Yildirim,Reyhan Yildirim,Sevgül Kiroglu",,7.1
839,Kocaman Ailem,2018,2018,1,,Comedy,15.5,"Levent Ülgen,Emre Karayel,Çagla Demir,Özlem Türkad",,6.3
840,Bir Deli Rüzgar,2018,2018,1,,Drama,17.0,"Pinar Deniz,Hatice Aslan,Berk Cankat,Naz Sayiner",,7.0
841,4N1K,2018,2018,1,,Comedy,15.333333333333334,"Gözde Mutluer,Eslem Akar,Burak Yörük,Sina Ozer",,5.8
842,Koca Koca Yalanlar,2018,2018,1,,Comedy,16.0,"Hakan Yilmaz,Evrim Alasya,Selen Uçer,Pelin Öztekin",,5.8
843,Bu Kizin Öyküsü,2018,2018,1,,Documentary,14.0,"Begüm Cana Özgür,Mizgin Ay,Tugçe Akgün,Karsu Dönmez",,7.8
844,Darisi Basimiza,2018,2018,1,,Comedy,16.0,"Ozan Dolunay,Elif Dogan,Seher Devrim Yakut,Açelya Topaloglu",,5.8
845,Erkenci Kus,2018,2018,1,,Comedy,16.0,"Demet Özdemir,Can Yaman,Öznur Serçeler,Berat Yenilmez",,8.2
846,Beni birakma,2018,2018,1,,Drama,17.0,"Berkay Veli,Sila Özlem Önemli,Emrah Akduman,Sude Dogar",,6.2
847,Ege'nin hamsisi,2018,2018,1,,Comedy,16.0,"Iclal Aydin,Ugur Çavusoglu,Uraz Kaygilaroglu,Bestemsu Özdemir",,6.1
848,Elimi birakma,2018,2018,1,,Drama,18.0,"Alp Navruz,Alina Boz,Seray Gözler,Cemre Gümeli",,7.9
849,Nielegalni,2018,2018,1,,Thriller,16.0,"Grzegorz Damiecki,Agnieszka Grochowska,Sylwia Juszczak,Wojciech Zoladkowicz",,6.4
850,Gülperi,2018,2018,1,,Drama,18.0,"Nurgül Yesilçay,Timuçin Esen,Tarik Pabuccuoglu,Ece Sükan",,7.2
851,GIF,2018,2018,1,,Comedy,16.0,"Onur Durmaz,Yagizcan Küçükcan,Cemre Kurum,Irem Çalhan",,3.6
852,Kizim,2018,2018,1,,Drama,18.0,"Bugra Gülsoy,Beren Gokyildiz,Leyla Lydia Tugutlu,Serhat Teoman",,7.8
853,MasterChef Turkey,2018,2018,1,,Game-Show,12.0,"Mehmet Yalçinkaya,Somer Sivrioglu,Hazer Amani,Hakan Kanik",,5.2
854,Bir Litre Gözyasi,2018,2018,1,,Drama,18.0,"Sanem Çelik,Miray Daner,Tolga Tekin,Mert Yazicioglu",,5.8
855,Bir Umut Yeter,2018,2018,1,,Drama,18.0,"Tolgahan Sayisman,Esra Bilgic,Hazal Subasi,Serhat Tutumluer",,5.9
856,Aglama anne,2018,2018,1,,Drama,18.0,"Birce Akalay,Özlem Yilmaz,Cansel Elcin,Sezin Akbasogullari",,6.2
857,Can Kiriklari,2018,2018,1,,Action,17.0,"Hande Dogandemir,Funda Eryigit,Seçkin Özdemir,Alican Yücesoy",,8.1
858,Sahin Tepesi,2018,2018,1,,Action,16.666666666666668,"Zerrin Tekindor,Ebru Özkan,Boran Kuzum,Aybüke Pusat",,7.4
859,Bu Gece,2018,2018,1,,Comedy,15.0,"Ibrahim Selim,Irem Erten,Mert Efe Günaydin,Furkan Inanir",,9.4
860,Muhtesem Ikili,2018,2018,1,,Action,15.5,"Ibrahim Celikkol,Kerem Bürsin,Öykü Karayel,Özge Gürel",,7.1
861,Bartu Ben,2018,2018,1,,Comedy,17.0,"Bartu Küçükçaglayan,Müfit Kayacan,Cem Zeynel Kiliç,Cemre Ebuzziya",,8.0
862,Çarpisma,2018,2018,1,,Action,16.666666666666668,"Kivanç Tatlitug,Elçin Sangu,Alperen Duymaz,Melisa Pamuk",,8.9
863,Ikizler Memo-Can,2018,2018,1,,Comedy,15.5,"Nehir Erdogan,Özgürcan Cevik,Emir Berke Zincidi,Tugba Çinar",,3.6
864,Eser Yenenler Show,2018,2018,1,,Talk-Show,14.0,"Eser Yenenler,Kubilay Aka,Hazer Amani,Buket Aydin",,5.3
865,Tozkoparan,2018,2018,1,,Adventure,15.5,"Özgür Ege Nalci,Burak Kut,Leya Kirsan,Burcu Altin",,7.8
866,Uykucu,2018,2018,1,,Animation,16.0,"Beril Su Hatirnaz,Abdulkerim Tunc",,8.0
